exin,length,counts
exon,1,1
exon,2,2
exon,3,8
exon,4,8
exon,5,17
exon,6,12
exon,7,8
exon,8,8
exon,9,12
exon,10,8
exon,11,17
exon,12,17
exon,13,12
exon,14,10
exon,15,15
exon,16,23
exon,17,19
exon,18,15
exon,19,20
exon,20,13
exon,21,28
exon,22,17
exon,23,16
exon,24,25
exon,25,11
exon,26,8
exon,27,17
exon,28,22
exon,29,17
exon,30,42
exon,31,30
exon,32,35
exon,33,49
exon,34,37
exon,35,35
exon,36,52
exon,37,50
exon,38,40
exon,39,81
exon,40,34
exon,41,47
exon,42,76
exon,43,71
exon,44,52
exon,45,103
exon,46,79
exon,47,49
exon,48,103
exon,49,111
exon,50,90
exon,51,157
exon,52,79
exon,53,109
exon,54,206
exon,55,131
exon,56,162
exon,57,235
exon,58,148
exon,59,176
exon,60,253
exon,61,201
exon,62,216
exon,63,285
exon,64,169
exon,65,208
exon,66,327
exon,67,252
exon,68,235
exon,69,325
exon,70,281
exon,71,300
exon,72,347
exon,73,274
exon,74,287
exon,75,419
exon,76,316
exon,77,317
exon,78,417
exon,79,499
exon,80,339
exon,81,415
exon,82,341
exon,83,363
exon,84,512
exon,85,361
exon,86,388
exon,87,561
exon,88,408
exon,89,421
exon,90,523
exon,91,366
exon,92,446
exon,93,483
exon,94,438
exon,95,415
exon,96,539
exon,97,408
exon,98,415
exon,99,500
exon,100,417
exon,101,452
exon,102,547
exon,103,395
exon,104,494
exon,105,505
exon,106,437
exon,107,523
exon,108,472
exon,109,445
exon,110,499
exon,111,487
exon,112,433
exon,113,434
exon,114,536
exon,115,441
exon,116,463
exon,117,479
exon,118,377
exon,119,403
exon,120,514
exon,121,405
exon,122,468
exon,123,540
exon,124,425
exon,125,462
exon,126,502
exon,127,428
exon,128,402
exon,129,515
exon,130,366
exon,131,406
exon,132,505
exon,133,361
exon,134,383
exon,135,510
exon,136,418
exon,137,389
exon,138,449
exon,139,411
exon,140,359
exon,141,432
exon,142,406
exon,143,343
exon,144,505
exon,145,383
exon,146,388
exon,147,430
exon,148,343
exon,149,320
exon,150,376
exon,151,316
exon,152,331
exon,153,469
exon,154,357
exon,155,359
exon,156,403
exon,157,337
exon,158,328
exon,159,388
exon,160,267
exon,161,319
exon,162,376
exon,163,273
exon,164,281
exon,165,355
exon,166,267
exon,167,331
exon,168,348
exon,169,245
exon,170,247
exon,171,324
exon,172,303
exon,173,299
exon,174,301
exon,175,243
exon,176,267
exon,177,288
exon,178,278
exon,179,259
exon,180,285
exon,181,249
exon,182,229
exon,183,316
exon,184,233
exon,185,269
exon,186,290
exon,187,253
exon,188,269
exon,189,355
exon,190,192
exon,191,225
exon,192,316
exon,193,213
exon,194,242
exon,195,252
exon,196,216
exon,197,260
exon,198,326
exon,199,212
exon,200,257
exon,201,273
exon,202,273
exon,203,208
exon,204,261
exon,205,201
exon,206,153
exon,207,279
exon,208,210
exon,209,196
exon,210,294
exon,211,210
exon,212,215
exon,213,246
exon,214,216
exon,215,159
exon,216,257
exon,217,189
exon,218,167
exon,219,309
exon,220,184
exon,221,172
exon,222,221
exon,223,178
exon,224,184
exon,225,239
exon,226,173
exon,227,186
exon,228,234
exon,229,183
exon,230,171
exon,231,230
exon,232,185
exon,233,188
exon,234,225
exon,235,145
exon,236,172
exon,237,185
exon,238,162
exon,239,141
exon,240,195
exon,241,156
exon,242,155
exon,243,208
exon,244,181
exon,245,140
exon,246,167
exon,247,129
exon,248,126
exon,249,209
exon,250,148
exon,251,143
exon,252,183
exon,253,135
exon,254,169
exon,255,204
exon,256,149
exon,257,142
exon,258,179
exon,259,146
exon,260,136
exon,261,213
exon,262,124
exon,263,120
exon,264,177
exon,265,141
exon,266,148
exon,267,165
exon,268,153
exon,269,144
exon,270,167
exon,271,142
exon,272,118
exon,273,146
exon,274,139
exon,275,123
exon,276,144
exon,277,122
exon,278,134
exon,279,164
exon,280,143
exon,281,102
exon,282,157
exon,283,143
exon,284,119
exon,285,139
exon,286,126
exon,287,120
exon,288,122
exon,289,130
exon,290,91
exon,291,128
exon,292,106
exon,293,111
exon,294,136
exon,295,114
exon,296,101
exon,297,103
exon,298,125
exon,299,124
exon,300,113
exon,301,102
exon,302,108
exon,303,149
exon,304,143
exon,305,94
exon,306,120
exon,307,121
exon,308,91
exon,309,100
exon,310,134
exon,311,114
exon,312,157
exon,313,125
exon,314,101
exon,315,103
exon,316,130
exon,317,82
exon,318,88
exon,319,93
exon,320,78
exon,321,116
exon,322,77
exon,323,93
exon,324,95
exon,325,80
exon,326,87
exon,327,113
exon,328,91
exon,329,80
exon,330,97
exon,331,72
exon,332,89
exon,333,99
exon,334,85
exon,335,92
exon,336,116
exon,337,83
exon,338,76
exon,339,75
exon,340,84
exon,341,74
exon,342,110
exon,343,79
exon,344,69
exon,345,99
exon,346,86
exon,347,62
exon,348,90
exon,349,81
exon,350,76
exon,351,89
exon,352,78
exon,353,73
exon,354,95
exon,355,65
exon,356,74
exon,357,80
exon,358,70
exon,359,72
exon,360,86
exon,361,92
exon,362,67
exon,363,86
exon,364,66
exon,365,78
exon,366,83
exon,367,77
exon,368,62
exon,369,94
exon,370,68
exon,371,66
exon,372,75
exon,373,72
exon,374,46
exon,375,81
exon,376,67
exon,377,48
exon,378,70
exon,379,75
exon,380,66
exon,381,85
exon,382,56
exon,383,44
exon,384,118
exon,385,73
exon,386,60
exon,387,71
exon,388,78
exon,389,51
exon,390,73
exon,391,47
exon,392,39
exon,393,77
exon,394,53
exon,395,46
exon,396,57
exon,397,50
exon,398,49
exon,399,80
exon,400,53
exon,401,36
exon,402,48
exon,403,42
exon,404,51
exon,405,56
exon,406,54
exon,407,48
exon,408,65
exon,409,57
exon,410,51
exon,411,70
exon,412,55
exon,413,45
exon,414,70
exon,415,55
exon,416,36
exon,417,59
exon,418,44
exon,419,53
exon,420,65
exon,421,38
exon,422,40
exon,423,60
exon,424,42
exon,425,55
exon,426,53
exon,427,58
exon,428,55
exon,429,63
exon,430,42
exon,431,59
exon,432,46
exon,433,40
exon,434,34
exon,435,59
exon,436,38
exon,437,34
exon,438,57
exon,439,47
exon,440,41
exon,441,43
exon,442,43
exon,443,42
exon,444,38
exon,445,46
exon,446,26
exon,447,43
exon,448,36
exon,449,62
exon,450,44
exon,451,44
exon,452,37
exon,453,56
exon,454,38
exon,455,33
exon,456,40
exon,457,30
exon,458,52
exon,459,44
exon,460,33
exon,461,33
exon,462,43
exon,463,29
exon,464,40
exon,465,50
exon,466,46
exon,467,59
exon,468,44
exon,469,40
exon,470,48
exon,471,46
exon,472,26
exon,473,47
exon,474,51
exon,475,34
exon,476,33
exon,477,42
exon,478,33
exon,479,22
exon,480,36
exon,481,39
exon,482,34
exon,483,32
exon,484,30
exon,485,30
exon,486,36
exon,487,38
exon,488,39
exon,489,42
exon,490,31
exon,491,34
exon,492,60
exon,493,36
exon,494,32
exon,495,40
exon,496,22
exon,497,38
exon,498,43
exon,499,47
exon,500,31
exon,501,43
exon,502,31
exon,503,37
exon,504,33
exon,505,24
exon,506,27
exon,507,39
exon,508,27
exon,509,26
exon,510,38
exon,511,42
exon,512,26
exon,513,36
exon,514,31
exon,515,24
exon,516,30
exon,517,30
exon,518,28
exon,519,39
exon,520,25
exon,521,19
exon,522,27
exon,523,14
exon,524,30
exon,525,29
exon,526,18
exon,527,31
exon,528,25
exon,529,31
exon,530,19
exon,531,41
exon,532,23
exon,533,23
exon,534,19
exon,535,21
exon,536,21
exon,537,21
exon,538,22
exon,539,31
exon,540,32
exon,541,35
exon,542,22
exon,543,35
exon,544,16
exon,545,21
exon,546,27
exon,547,17
exon,548,27
exon,549,31
exon,550,18
exon,551,17
exon,552,22
exon,553,27
exon,554,27
exon,555,30
exon,556,16
exon,557,35
exon,558,22
exon,559,19
exon,560,21
exon,561,23
exon,562,27
exon,563,23
exon,564,22
exon,565,32
exon,566,26
exon,567,29
exon,568,19
exon,569,24
exon,570,21
exon,571,29
exon,572,18
exon,573,15
exon,574,21
exon,575,13
exon,576,25
exon,577,13
exon,578,21
exon,579,24
exon,580,22
exon,581,19
exon,582,18
exon,583,16
exon,584,23
exon,585,20
exon,586,24
exon,587,27
exon,588,20
exon,589,18
exon,590,10
exon,591,21
exon,592,37
exon,593,29
exon,594,23
exon,595,22
exon,596,18
exon,597,18
exon,598,17
exon,599,16
exon,600,25
exon,601,21
exon,602,19
exon,603,25
exon,604,16
exon,605,8
exon,606,18
exon,607,21
exon,608,18
exon,609,18
exon,610,22
exon,611,8
exon,612,19
exon,613,22
exon,614,22
exon,615,22
exon,616,23
exon,617,8
exon,618,26
exon,619,18
exon,620,15
exon,621,23
exon,622,27
exon,623,15
exon,624,12
exon,625,21
exon,626,9
exon,627,17
exon,628,21
exon,629,19
exon,630,26
exon,631,18
exon,632,24
exon,633,25
exon,634,14
exon,635,12
exon,636,20
exon,637,29
exon,638,19
exon,639,22
exon,640,15
exon,641,10
exon,642,12
exon,643,34
exon,644,8
exon,645,21
exon,646,23
exon,647,20
exon,648,8
exon,649,10
exon,650,18
exon,651,24
exon,652,12
exon,653,15
exon,654,16
exon,655,17
exon,656,10
exon,657,23
exon,658,24
exon,659,8
exon,660,18
exon,661,17
exon,662,16
exon,663,18
exon,664,14
exon,665,19
exon,666,12
exon,667,16
exon,668,8
exon,669,16
exon,670,13
exon,671,13
exon,672,16
exon,673,18
exon,674,17
exon,675,12
exon,676,11
exon,677,14
exon,678,14
exon,679,10
exon,680,10
exon,681,5
exon,682,15
exon,683,10
exon,684,19
exon,685,12
exon,686,10
exon,687,21
exon,688,11
exon,689,10
exon,690,17
exon,691,7
exon,692,10
exon,693,23
exon,694,11
exon,695,5
exon,696,16
exon,697,7
exon,698,13
exon,699,10
exon,700,12
exon,701,9
exon,702,8
exon,703,12
exon,704,11
exon,705,17
exon,706,26
exon,707,15
exon,708,13
exon,709,11
exon,710,10
exon,711,11
exon,712,19
exon,713,4
exon,714,4
exon,715,15
exon,716,9
exon,717,10
exon,718,7
exon,719,8
exon,720,13
exon,721,8
exon,722,8
exon,723,8
exon,724,10
exon,725,13
exon,726,15
exon,727,7
exon,728,7
exon,729,22
exon,730,6
exon,731,12
exon,732,25
exon,733,9
exon,734,12
exon,735,20
exon,736,8
exon,737,8
exon,738,13
exon,739,9
exon,740,7
exon,741,14
exon,742,6
exon,743,5
exon,744,9
exon,745,18
exon,746,6
exon,747,11
exon,748,3
exon,749,6
exon,750,11
exon,751,10
exon,752,11
exon,753,8
exon,754,8
exon,755,7
exon,756,10
exon,757,6
exon,758,7
exon,759,8
exon,760,13
exon,761,14
exon,762,10
exon,763,7
exon,764,6
exon,765,10
exon,766,8
exon,767,9
exon,768,4
exon,769,5
exon,770,5
exon,771,9
exon,772,6
exon,773,3
exon,774,20
exon,775,7
exon,776,12
exon,777,11
exon,778,6
exon,779,11
exon,780,7
exon,781,16
exon,782,3
exon,783,11
exon,784,12
exon,785,11
exon,786,10
exon,787,7
exon,788,12
exon,789,5
exon,790,7
exon,791,13
exon,792,8
exon,793,14
exon,794,5
exon,795,5
exon,796,5
exon,797,6
exon,798,10
exon,799,7
exon,800,4
exon,801,2
exon,802,8
exon,803,4
exon,804,10
exon,805,6
exon,806,9
exon,807,14
exon,808,3
exon,809,9
exon,810,8
exon,811,7
exon,812,4
exon,813,11
exon,814,14
exon,815,7
exon,816,12
exon,817,11
exon,818,8
exon,819,5
exon,820,10
exon,821,8
exon,822,9
exon,823,4
exon,824,6
exon,825,4
exon,826,8
exon,827,7
exon,828,10
exon,829,8
exon,830,4
exon,831,5
exon,832,4
exon,833,8
exon,834,7
exon,835,6
exon,836,4
exon,837,8
exon,838,4
exon,839,7
exon,840,14
exon,841,4
exon,842,3
exon,843,11
exon,844,5
exon,845,4
exon,846,8
exon,847,6
exon,848,6
exon,849,3
exon,850,7
exon,851,4
exon,852,10
exon,853,6
exon,854,7
exon,855,8
exon,856,5
exon,857,8
exon,858,7
exon,859,9
exon,860,12
exon,861,9
exon,862,8
exon,863,5
exon,864,5
exon,865,8
exon,866,3
exon,867,10
exon,868,1
exon,869,9
exon,870,7
exon,871,3
exon,872,3
exon,873,15
exon,874,8
exon,875,6
exon,876,9
exon,877,10
exon,878,4
exon,879,4
exon,880,8
exon,881,7
exon,882,4
exon,883,7
exon,884,5
exon,885,7
exon,886,14
exon,887,4
exon,888,4
exon,889,13
exon,890,4
exon,891,5
exon,892,4
exon,893,5
exon,894,3
exon,895,5
exon,896,3
exon,897,4
exon,898,9
exon,899,4
exon,900,7
exon,901,3
exon,902,7
exon,903,9
exon,904,3
exon,905,6
exon,906,4
exon,907,4
exon,908,5
exon,909,5
exon,910,10
exon,911,3
exon,912,4
exon,913,1
exon,914,8
exon,915,9
exon,916,11
exon,917,7
exon,918,3
exon,919,8
exon,920,3
exon,921,13
exon,922,3
exon,923,8
exon,924,4
exon,925,5
exon,926,3
exon,927,7
exon,928,8
exon,929,2
exon,930,6
exon,931,5
exon,932,1
exon,933,8
exon,934,6
exon,935,1
exon,936,6
exon,937,1
exon,938,8
exon,939,4
exon,940,6
exon,941,4
exon,942,4
exon,943,3
exon,944,2
exon,945,4
exon,946,8
exon,947,4
exon,948,3
exon,949,5
exon,950,3
exon,951,6
exon,952,5
exon,953,1
exon,954,13
exon,955,5
exon,956,9
exon,957,5
exon,958,7
exon,959,3
exon,960,5
exon,961,5
exon,962,4
exon,963,4
exon,964,5
exon,965,1
exon,966,4
exon,967,1
exon,968,7
exon,969,1
exon,970,2
exon,971,3
exon,972,1
exon,973,2
exon,974,2
exon,975,3
exon,976,5
exon,977,3
exon,978,5
exon,979,4
exon,980,4
exon,981,5
exon,982,5
exon,984,3
exon,985,1
exon,986,4
exon,987,2
exon,988,3
exon,989,5
exon,990,5
exon,991,3
exon,992,3
exon,993,7
exon,994,2
exon,995,3
exon,996,1
exon,997,6
exon,998,2
exon,999,7
exon,1000,5
exon,1001,2
exon,1002,10
exon,1003,3
exon,1004,5
exon,1005,5
exon,1006,1
exon,1007,6
exon,1008,5
exon,1010,3
exon,1011,3
exon,1012,4
exon,1013,4
exon,1014,5
exon,1015,2
exon,1018,1
exon,1019,5
exon,1020,1
exon,1021,1
exon,1022,4
exon,1023,4
exon,1024,3
exon,1025,3
exon,1026,6
exon,1027,2
exon,1028,5
exon,1029,5
exon,1031,3
exon,1032,3
exon,1033,4
exon,1034,6
exon,1035,4
exon,1036,3
exon,1037,2
exon,1038,6
exon,1039,2
exon,1040,2
exon,1041,2
exon,1042,1
exon,1043,2
exon,1044,2
exon,1045,2
exon,1046,1
exon,1047,5
exon,1048,2
exon,1049,3
exon,1050,4
exon,1052,4
exon,1053,2
exon,1054,5
exon,1055,2
exon,1057,1
exon,1058,2
exon,1059,2
exon,1060,2
exon,1062,2
exon,1063,3
exon,1065,1
exon,1066,1
exon,1067,1
exon,1068,2
exon,1069,2
exon,1070,1
exon,1071,3
exon,1072,1
exon,1073,3
exon,1074,4
exon,1075,1
exon,1076,2
exon,1077,4
exon,1078,1
exon,1079,6
exon,1081,3
exon,1082,1
exon,1083,3
exon,1084,4
exon,1085,3
exon,1086,4
exon,1087,2
exon,1088,1
exon,1089,4
exon,1090,1
exon,1091,2
exon,1092,2
exon,1093,3
exon,1095,3
exon,1097,1
exon,1098,4
exon,1099,3
exon,1100,3
exon,1101,1
exon,1104,2
exon,1105,1
exon,1107,1
exon,1108,2
exon,1109,1
exon,1110,3
exon,1111,1
exon,1112,1
exon,1113,2
exon,1115,1
exon,1116,2
exon,1117,5
exon,1118,4
exon,1119,2
exon,1121,1
exon,1123,3
exon,1124,2
exon,1125,2
exon,1126,2
exon,1128,1
exon,1131,2
exon,1132,2
exon,1134,2
exon,1136,1
exon,1137,1
exon,1138,2
exon,1139,1
exon,1140,3
exon,1141,5
exon,1143,1
exon,1144,1
exon,1146,4
exon,1148,2
exon,1150,1
exon,1151,2
exon,1152,4
exon,1154,2
exon,1155,2
exon,1156,2
exon,1157,1
exon,1158,4
exon,1159,1
exon,1160,1
exon,1161,1
exon,1162,1
exon,1164,3
exon,1165,5
exon,1167,2
exon,1168,4
exon,1169,2
exon,1170,2
exon,1171,4
exon,1172,1
exon,1173,2
exon,1174,2
exon,1175,1
exon,1176,4
exon,1178,3
exon,1179,2
exon,1180,1
exon,1181,4
exon,1182,2
exon,1183,4
exon,1185,1
exon,1187,1
exon,1188,2
exon,1190,6
exon,1191,4
exon,1192,2
exon,1193,2
exon,1194,2
exon,1196,1
exon,1197,3
exon,1202,2
exon,1203,1
exon,1204,3
exon,1206,4
exon,1207,2
exon,1208,1
exon,1209,2
exon,1210,1
exon,1211,2
exon,1213,2
exon,1214,1
exon,1216,3
exon,1217,1
exon,1218,3
exon,1219,4
exon,1221,2
exon,1222,1
exon,1223,2
exon,1224,2
exon,1225,2
exon,1230,3
exon,1231,3
exon,1232,1
exon,1233,2
exon,1235,1
exon,1238,2
exon,1239,2
exon,1242,2
exon,1244,2
exon,1245,4
exon,1246,1
exon,1247,2
exon,1250,1
exon,1251,2
exon,1252,1
exon,1253,4
exon,1254,5
exon,1255,3
exon,1257,2
exon,1258,2
exon,1260,3
exon,1261,2
exon,1262,3
exon,1263,2
exon,1264,3
exon,1265,3
exon,1266,1
exon,1269,1
exon,1270,1
exon,1271,3
exon,1275,1
exon,1276,2
exon,1277,1
exon,1278,1
exon,1279,1
exon,1280,2
exon,1281,1
exon,1282,1
exon,1283,1
exon,1284,1
exon,1288,1
exon,1289,2
exon,1292,2
exon,1293,1
exon,1296,2
exon,1299,1
exon,1300,1
exon,1302,4
exon,1303,1
exon,1305,2
exon,1309,3
exon,1310,1
exon,1311,2
exon,1312,1
exon,1313,1
exon,1316,1
exon,1317,2
exon,1319,1
exon,1320,1
exon,1326,2
exon,1327,1
exon,1328,1
exon,1329,1
exon,1330,2
exon,1331,1
exon,1333,2
exon,1334,1
exon,1336,1
exon,1337,1
exon,1338,3
exon,1342,1
exon,1343,2
exon,1346,2
exon,1347,2
exon,1349,1
exon,1351,1
exon,1352,1
exon,1355,1
exon,1357,1
exon,1358,1
exon,1359,2
exon,1361,2
exon,1363,1
exon,1365,3
exon,1369,1
exon,1370,1
exon,1374,1
exon,1377,2
exon,1381,1
exon,1382,1
exon,1383,2
exon,1384,2
exon,1386,5
exon,1387,1
exon,1388,1
exon,1390,1
exon,1391,1
exon,1393,1
exon,1394,1
exon,1395,3
exon,1397,3
exon,1398,1
exon,1399,1
exon,1400,1
exon,1401,1
exon,1402,1
exon,1403,1
exon,1406,1
exon,1407,1
exon,1410,1
exon,1415,1
exon,1416,2
exon,1417,2
exon,1420,2
exon,1421,2
exon,1427,1
exon,1429,1
exon,1432,2
exon,1434,1
exon,1436,2
exon,1439,1
exon,1440,1
exon,1441,1
exon,1442,1
exon,1446,1
exon,1449,3
exon,1454,1
exon,1456,1
exon,1458,2
exon,1459,1
exon,1471,2
exon,1472,2
exon,1476,2
exon,1480,1
exon,1482,1
exon,1484,1
exon,1485,1
exon,1489,1
exon,1491,1
exon,1494,1
exon,1495,1
exon,1496,2
exon,1498,1
exon,1499,1
exon,1503,1
exon,1504,1
exon,1506,2
exon,1510,1
exon,1511,1
exon,1512,2
exon,1517,1
exon,1522,1
exon,1523,1
exon,1524,2
exon,1525,2
exon,1527,1
exon,1528,1
exon,1529,1
exon,1531,1
exon,1542,1
exon,1544,1
exon,1550,1
exon,1557,1
exon,1559,1
exon,1560,1
exon,1564,1
exon,1565,1
exon,1566,1
exon,1578,1
exon,1581,1
exon,1582,3
exon,1587,1
exon,1589,1
exon,1592,1
exon,1593,1
exon,1595,1
exon,1598,1
exon,1602,1
exon,1604,1
exon,1607,1
exon,1611,1
exon,1613,1
exon,1618,2
exon,1620,2
exon,1622,2
exon,1630,2
exon,1633,1
exon,1634,2
exon,1635,2
exon,1638,2
exon,1639,1
exon,1643,1
exon,1648,1
exon,1650,1
exon,1653,1
exon,1655,1
exon,1660,3
exon,1662,4
exon,1663,1
exon,1665,3
exon,1666,2
exon,1667,1
exon,1671,1
exon,1675,1
exon,1677,2
exon,1678,2
exon,1682,1
exon,1685,1
exon,1687,1
exon,1688,1
exon,1689,1
exon,1692,2
exon,1694,1
exon,1695,1
exon,1696,1
exon,1699,1
exon,1701,1
exon,1706,1
exon,1709,1
exon,1712,2
exon,1714,1
exon,1718,1
exon,1720,2
exon,1724,1
exon,1730,2
exon,1735,1
exon,1739,2
exon,1740,1
exon,1743,1
exon,1744,1
exon,1745,1
exon,1747,1
exon,1751,1
exon,1755,1
exon,1762,1
exon,1770,1
exon,1772,1
exon,1778,1
exon,1787,1
exon,1793,1
exon,1801,1
exon,1803,1
exon,1804,1
exon,1820,1
exon,1822,2
exon,1830,2
exon,1832,1
exon,1836,1
exon,1839,1
exon,1840,1
exon,1847,1
exon,1854,1
exon,1856,3
exon,1859,2
exon,1863,1
exon,1866,1
exon,1874,1
exon,1876,1
exon,1881,1
exon,1887,1
exon,1898,1
exon,1908,1
exon,1914,2
exon,1917,1
exon,1920,1
exon,1921,1
exon,1922,1
exon,1924,1
exon,1925,1
exon,1932,1
exon,1934,1
exon,1940,1
exon,1949,1
exon,1950,1
exon,1955,1
exon,1968,1
exon,1973,1
exon,1985,1
exon,1986,1
exon,1991,1
exon,1993,2
exon,1994,1
exon,1995,1
exon,1996,1
exon,2006,1
exon,2007,1
exon,2010,4
exon,2025,1
exon,2034,1
exon,2037,1
exon,2043,1
exon,2048,2
exon,2055,1
exon,2061,1
exon,2062,1
exon,2069,1
exon,2079,1
exon,2084,1
exon,2085,1
exon,2093,1
exon,2094,1
exon,2096,1
exon,2109,1
exon,2115,2
exon,2120,1
exon,2123,1
exon,2125,1
exon,2128,1
exon,2140,1
exon,2146,2
exon,2151,1
exon,2154,1
exon,2155,2
exon,2157,1
exon,2158,1
exon,2161,1
exon,2163,1
exon,2164,2
exon,2169,1
exon,2188,1
exon,2189,1
exon,2194,1
exon,2199,1
exon,2202,1
exon,2231,1
exon,2233,1
exon,2236,1
exon,2241,1
exon,2242,1
exon,2257,1
exon,2258,1
exon,2268,1
exon,2269,1
exon,2278,1
exon,2281,1
exon,2291,1
exon,2296,1
exon,2302,1
exon,2316,1
exon,2322,1
exon,2345,1
exon,2351,1
exon,2352,1
exon,2356,1
exon,2360,1
exon,2366,1
exon,2368,1
exon,2385,2
exon,2404,2
exon,2431,1
exon,2436,1
exon,2442,1
exon,2449,1
exon,2450,1
exon,2458,1
exon,2518,1
exon,2524,1
exon,2537,1
exon,2559,1
exon,2571,1
exon,2580,1
exon,2611,1
exon,2640,1
exon,2693,1
exon,2695,1
exon,2696,1
exon,2718,1
exon,2743,1
exon,2764,1
exon,2782,1
exon,2789,1
exon,2803,1
exon,2807,2
exon,2809,2
exon,2829,1
exon,2838,1
exon,2845,1
exon,2846,1
exon,2900,1
exon,2921,1
exon,2934,1
exon,2944,1
exon,2967,1
exon,3009,1
exon,3038,3
exon,3057,1
exon,3138,1
exon,3180,1
exon,3186,1
exon,3216,1
exon,3231,1
exon,3239,1
exon,3251,1
exon,3262,1
exon,3287,1
exon,3320,1
exon,3354,1
exon,3364,1
exon,3402,1
exon,3445,1
exon,3625,1
exon,3666,1
exon,3794,2
exon,3877,1
exon,3890,1
exon,3898,1
exon,4011,1
exon,4277,1
exon,4337,1
exon,4360,1
exon,4436,1
exon,5536,2
exon,6227,1
exon,7169,1
exon,7581,1
exon,11161,1
intron,1,5
intron,2,2
intron,15,1
intron,16,5
intron,17,4
intron,19,4
intron,20,2
intron,21,4
intron,22,2
intron,24,1
intron,26,2
intron,27,1
intron,28,2
intron,30,4
intron,31,7
intron,32,2
intron,33,4
intron,34,4
intron,35,1
intron,36,2
intron,37,1
intron,38,11
intron,39,23
intron,40,149
intron,41,473
intron,42,1118
intron,43,1924
intron,44,2888
intron,45,3578
intron,46,4156
intron,47,4191
intron,48,3921
intron,49,3385
intron,50,2730
intron,51,2274
intron,52,1849
intron,53,1524
intron,54,1188
intron,55,1035
intron,56,893
intron,57,662
intron,58,571
intron,59,491
intron,60,409
intron,61,348
intron,62,269
intron,63,263
intron,64,270
intron,65,228
intron,66,230
intron,67,247
intron,68,245
intron,69,217
intron,70,172
intron,71,177
intron,72,156
intron,73,182
intron,74,163
intron,75,185
intron,76,180
intron,77,168
intron,78,136
intron,79,180
intron,80,148
intron,81,144
intron,82,137
intron,83,113
intron,84,123
intron,85,113
intron,86,123
intron,87,95
intron,88,94
intron,89,108
intron,90,89
intron,91,102
intron,92,108
intron,93,85
intron,94,97
intron,95,112
intron,96,95
intron,97,111
intron,98,105
intron,99,118
intron,100,102
intron,101,100
intron,102,112
intron,103,84
intron,104,108
intron,105,106
intron,106,81
intron,107,74
intron,108,92
intron,109,111
intron,110,90
intron,111,81
intron,112,105
intron,113,79
intron,114,91
intron,115,101
intron,116,81
intron,117,105
intron,118,83
intron,119,83
intron,120,76
intron,121,81
intron,122,74
intron,123,81
intron,124,58
intron,125,83
intron,126,76
intron,127,65
intron,128,78
intron,129,74
intron,130,72
intron,131,83
intron,132,55
intron,133,81
intron,134,74
intron,135,75
intron,136,74
intron,137,61
intron,138,70
intron,139,68
intron,140,62
intron,141,74
intron,142,63
intron,143,70
intron,144,83
intron,145,78
intron,146,59
intron,147,55
intron,148,65
intron,149,59
intron,150,76
intron,151,70
intron,152,61
intron,153,71
intron,154,71
intron,155,65
intron,156,72
intron,157,70
intron,158,65
intron,159,53
intron,160,57
intron,161,51
intron,162,67
intron,163,65
intron,164,50
intron,165,58
intron,166,54
intron,167,64
intron,168,57
intron,169,67
intron,170,51
intron,171,60
intron,172,64
intron,173,48
intron,174,68
intron,175,59
intron,176,57
intron,177,72
intron,178,55
intron,179,53
intron,180,61
intron,181,42
intron,182,71
intron,183,59
intron,184,59
intron,185,35
intron,186,42
intron,187,58
intron,188,34
intron,189,49
intron,190,60
intron,191,62
intron,192,51
intron,193,42
intron,194,36
intron,195,48
intron,196,48
intron,197,54
intron,198,48
intron,199,60
intron,200,48
intron,201,58
intron,202,37
intron,203,46
intron,204,52
intron,205,58
intron,206,47
intron,207,56
intron,208,59
intron,209,54
intron,210,44
intron,211,44
intron,212,56
intron,213,63
intron,214,45
intron,215,49
intron,216,52
intron,217,53
intron,218,55
intron,219,50
intron,220,62
intron,221,41
intron,222,67
intron,223,62
intron,224,54
intron,225,43
intron,226,52
intron,227,52
intron,228,53
intron,229,46
intron,230,49
intron,231,49
intron,232,48
intron,233,46
intron,234,54
intron,235,53
intron,236,63
intron,237,52
intron,238,53
intron,239,52
intron,240,41
intron,241,49
intron,242,61
intron,243,43
intron,244,35
intron,245,39
intron,246,48
intron,247,44
intron,248,52
intron,249,47
intron,250,28
intron,251,50
intron,252,61
intron,253,51
intron,254,51
intron,255,44
intron,256,58
intron,257,62
intron,258,43
intron,259,55
intron,260,60
intron,261,57
intron,262,60
intron,263,41
intron,264,34
intron,265,61
intron,266,49
intron,267,40
intron,268,53
intron,269,50
intron,270,57
intron,271,53
intron,272,40
intron,273,44
intron,274,51
intron,275,36
intron,276,50
intron,277,59
intron,278,53
intron,279,37
intron,280,55
intron,281,61
intron,282,45
intron,283,42
intron,284,40
intron,285,44
intron,286,39
intron,287,54
intron,288,41
intron,289,49
intron,290,48
intron,291,40
intron,292,42
intron,293,51
intron,294,42
intron,295,46
intron,296,43
intron,297,51
intron,298,55
intron,299,42
intron,300,48
intron,301,41
intron,302,54
intron,303,54
intron,304,43
intron,305,46
intron,306,44
intron,307,42
intron,308,47
intron,309,46
intron,310,45
intron,311,46
intron,312,55
intron,313,26
intron,314,35
intron,315,43
intron,316,42
intron,317,39
intron,318,39
intron,319,43
intron,320,43
intron,321,32
intron,322,42
intron,323,36
intron,324,30
intron,325,47
intron,326,49
intron,327,41
intron,328,34
intron,329,32
intron,330,39
intron,331,34
intron,332,44
intron,333,41
intron,334,43
intron,335,49
intron,336,33
intron,337,30
intron,338,34
intron,339,37
intron,340,28
intron,341,45
intron,342,39
intron,343,55
intron,344,40
intron,345,38
intron,346,27
intron,347,42
intron,348,27
intron,349,48
intron,350,41
intron,351,37
intron,352,27
intron,353,40
intron,354,35
intron,355,38
intron,356,25
intron,357,39
intron,358,44
intron,359,37
intron,360,42
intron,361,35
intron,362,35
intron,363,31
intron,364,41
intron,365,28
intron,366,43
intron,367,49
intron,368,20
intron,369,32
intron,370,41
intron,371,30
intron,372,37
intron,373,40
intron,374,34
intron,375,35
intron,376,39
intron,377,36
intron,378,42
intron,379,33
intron,380,27
intron,381,29
intron,382,36
intron,383,27
intron,384,50
intron,385,44
intron,386,42
intron,387,36
intron,388,35
intron,389,36
intron,390,42
intron,391,33
intron,392,41
intron,393,23
intron,394,34
intron,395,30
intron,396,27
intron,397,28
intron,398,24
intron,399,32
intron,400,40
intron,401,29
intron,402,36
intron,403,22
intron,404,32
intron,405,21
intron,406,36
intron,407,32
intron,408,41
intron,409,30
intron,410,35
intron,411,38
intron,412,34
intron,413,19
intron,414,30
intron,415,32
intron,416,43
intron,417,35
intron,418,33
intron,419,34
intron,420,27
intron,421,34
intron,422,34
intron,423,27
intron,424,31
intron,425,38
intron,426,26
intron,427,26
intron,428,34
intron,429,31
intron,430,32
intron,431,28
intron,432,32
intron,433,31
intron,434,40
intron,435,37
intron,436,29
intron,437,29
intron,438,29
intron,439,27
intron,440,28
intron,441,27
intron,442,29
intron,443,23
intron,444,39
intron,445,29
intron,446,25
intron,447,32
intron,448,21
intron,449,33
intron,450,24
intron,451,28
intron,452,24
intron,453,28
intron,454,26
intron,455,22
intron,456,20
intron,457,25
intron,458,23
intron,459,36
intron,460,27
intron,461,17
intron,462,30
intron,463,29
intron,464,42
intron,465,29
intron,466,35
intron,467,36
intron,468,35
intron,469,30
intron,470,27
intron,471,22
intron,472,26
intron,473,29
intron,474,26
intron,475,21
intron,476,26
intron,477,31
intron,478,26
intron,479,23
intron,480,24
intron,481,18
intron,482,20
intron,483,28
intron,484,27
intron,485,17
intron,486,29
intron,487,33
intron,488,26
intron,489,26
intron,490,31
intron,491,33
intron,492,23
intron,493,31
intron,494,26
intron,495,33
intron,496,23
intron,497,24
intron,498,26
intron,499,28
intron,500,25
intron,501,28
intron,502,29
intron,503,31
intron,504,27
intron,505,22
intron,506,34
intron,507,28
intron,508,26
intron,509,27
intron,510,31
intron,511,26
intron,512,22
intron,513,33
intron,514,29
intron,515,16
intron,516,20
intron,517,26
intron,518,22
intron,519,22
intron,520,32
intron,521,25
intron,522,18
intron,523,18
intron,524,22
intron,525,23
intron,526,19
intron,527,15
intron,528,29
intron,529,26
intron,530,22
intron,531,21
intron,532,28
intron,533,21
intron,534,21
intron,535,17
intron,536,26
intron,537,27
intron,538,26
intron,539,22
intron,540,27
intron,541,17
intron,542,33
intron,543,21
intron,544,30
intron,545,28
intron,546,25
intron,547,31
intron,548,17
intron,549,31
intron,550,19
intron,551,31
intron,552,17
intron,553,30
intron,554,22
intron,555,16
intron,556,15
intron,557,23
intron,558,10
intron,559,15
intron,560,19
intron,561,28
intron,562,25
intron,563,24
intron,564,17
intron,565,20
intron,566,18
intron,567,29
intron,568,15
intron,569,25
intron,570,9
intron,571,19
intron,572,17
intron,573,21
intron,574,18
intron,575,22
intron,576,24
intron,577,24
intron,578,15
intron,579,19
intron,580,21
intron,581,16
intron,582,16
intron,583,26
intron,584,16
intron,585,17
intron,586,20
intron,587,32
intron,588,16
intron,589,8
intron,590,20
intron,591,20
intron,592,16
intron,593,17
intron,594,22
intron,595,19
intron,596,19
intron,597,17
intron,598,19
intron,599,19
intron,600,15
intron,601,22
intron,602,16
intron,603,23
intron,604,11
intron,605,17
intron,606,24
intron,607,15
intron,608,20
intron,609,23
intron,610,17
intron,611,21
intron,612,26
intron,613,18
intron,614,20
intron,615,20
intron,616,21
intron,617,17
intron,618,18
intron,619,20
intron,620,20
intron,621,12
intron,622,20
intron,623,14
intron,624,17
intron,625,26
intron,626,20
intron,627,14
intron,628,20
intron,629,13
intron,630,31
intron,631,20
intron,632,10
intron,633,21
intron,634,28
intron,635,14
intron,636,15
intron,637,11
intron,638,14
intron,639,15
intron,640,21
intron,641,11
intron,642,24
intron,643,12
intron,644,15
intron,645,13
intron,646,10
intron,647,28
intron,648,19
intron,649,20
intron,650,16
intron,651,25
intron,652,14
intron,653,16
intron,654,14
intron,655,24
intron,656,19
intron,657,14
intron,658,16
intron,659,16
intron,660,15
intron,661,13
intron,662,14
intron,663,7
intron,664,12
intron,665,15
intron,666,25
intron,667,27
intron,668,13
intron,669,22
intron,670,20
intron,671,18
intron,672,15
intron,673,18
intron,674,24
intron,675,14
intron,676,23
intron,677,9
intron,678,13
intron,679,14
intron,680,11
intron,681,23
intron,682,22
intron,683,13
intron,684,18
intron,685,15
intron,686,11
intron,687,11
intron,688,11
intron,689,15
intron,690,13
intron,691,11
intron,692,8
intron,693,17
intron,694,21
intron,695,16
intron,696,10
intron,697,14
intron,698,15
intron,699,16
intron,700,17
intron,701,11
intron,702,17
intron,703,18
intron,704,23
intron,705,14
intron,706,17
intron,707,15
intron,708,23
intron,709,10
intron,710,14
intron,711,14
intron,712,20
intron,713,6
intron,714,15
intron,715,12
intron,716,8
intron,717,12
intron,718,22
intron,719,12
intron,720,8
intron,721,12
intron,722,16
intron,723,16
intron,724,12
intron,725,16
intron,726,15
intron,727,13
intron,728,13
intron,729,10
intron,730,11
intron,731,14
intron,732,11
intron,733,12
intron,734,8
intron,735,17
intron,736,13
intron,737,10
intron,738,13
intron,739,14
intron,740,17
intron,741,14
intron,742,7
intron,743,11
intron,744,9
intron,745,14
intron,746,8
intron,747,14
intron,748,12
intron,749,18
intron,750,10
intron,751,12
intron,752,14
intron,753,10
intron,754,13
intron,755,19
intron,756,14
intron,757,20
intron,758,9
intron,759,13
intron,760,12
intron,761,5
intron,762,10
intron,763,14
intron,764,16
intron,765,10
intron,766,15
intron,767,13
intron,768,14
intron,769,10
intron,770,9
intron,771,5
intron,772,10
intron,773,11
intron,774,12
intron,775,6
intron,776,11
intron,777,9
intron,778,15
intron,779,9
intron,780,4
intron,781,13
intron,782,14
intron,783,8
intron,784,9
intron,785,14
intron,786,8
intron,787,7
intron,788,19
intron,789,6
intron,790,14
intron,791,11
intron,792,15
intron,793,14
intron,794,15
intron,795,12
intron,796,11
intron,797,10
intron,798,7
intron,799,6
intron,800,15
intron,801,10
intron,802,8
intron,803,11
intron,804,8
intron,805,8
intron,806,12
intron,807,11
intron,808,13
intron,809,10
intron,810,4
intron,811,14
intron,812,12
intron,813,5
intron,814,7
intron,815,14
intron,816,6
intron,817,17
intron,818,7
intron,819,14
intron,820,4
intron,821,12
intron,822,10
intron,823,10
intron,824,13
intron,825,13
intron,826,12
intron,827,10
intron,828,13
intron,829,10
intron,830,13
intron,831,7
intron,832,12
intron,833,14
intron,834,11
intron,835,13
intron,836,18
intron,837,4
intron,838,10
intron,839,9
intron,840,10
intron,841,8
intron,842,10
intron,843,11
intron,844,14
intron,845,10
intron,846,10
intron,847,10
intron,848,10
intron,849,4
intron,850,16
intron,851,4
intron,852,14
intron,853,14
intron,854,14
intron,855,10
intron,856,15
intron,857,10
intron,858,5
intron,859,11
intron,860,14
intron,861,9
intron,862,11
intron,863,14
intron,864,11
intron,865,6
intron,866,18
intron,867,9
intron,868,10
intron,869,14
intron,870,9
intron,871,8
intron,872,15
intron,873,5
intron,874,8
intron,875,6
intron,876,7
intron,877,15
intron,878,11
intron,879,12
intron,880,12
intron,881,7
intron,882,12
intron,883,14
intron,884,4
intron,885,14
intron,886,8
intron,887,8
intron,888,4
intron,889,5
intron,890,8
intron,891,8
intron,892,7
intron,893,7
intron,894,7
intron,895,7
intron,896,11
intron,897,15
intron,898,7
intron,899,5
intron,900,6
intron,901,9
intron,902,7
intron,903,10
intron,904,9
intron,905,12
intron,906,15
intron,907,7
intron,908,6
intron,909,12
intron,910,15
intron,911,6
intron,912,15
intron,913,13
intron,914,13
intron,915,9
intron,916,3
intron,917,2
intron,918,9
intron,919,1
intron,920,3
intron,921,9
intron,922,10
intron,923,9
intron,924,10
intron,925,8
intron,926,8
intron,927,4
intron,928,5
intron,929,4
intron,930,7
intron,931,12
intron,932,3
intron,933,9
intron,934,7
intron,935,7
intron,936,10
intron,937,9
intron,938,4
intron,939,6
intron,940,10
intron,942,6
intron,943,9
intron,944,11
intron,945,4
intron,946,7
intron,947,5
intron,948,10
intron,949,6
intron,950,11
intron,951,9
intron,952,13
intron,953,5
intron,954,12
intron,955,4
intron,956,9
intron,957,3
intron,958,4
intron,959,8
intron,960,12
intron,961,1
intron,962,10
intron,963,9
intron,964,4
intron,965,4
intron,966,8
intron,967,8
intron,968,13
intron,969,10
intron,970,9
intron,971,4
intron,972,7
intron,973,5
intron,974,6
intron,975,5
intron,976,10
intron,977,5
intron,978,12
intron,979,7
intron,980,1
intron,981,11
intron,982,5
intron,983,8
intron,984,6
intron,985,11
intron,986,8
intron,987,5
intron,988,8
intron,989,16
intron,990,3
intron,991,8
intron,992,5
intron,993,6
intron,994,10
intron,995,5
intron,996,5
intron,997,6
intron,998,14
intron,999,6
intron,1000,12
intron,1001,10
intron,1002,6
intron,1003,14
intron,1004,8
intron,1005,7
intron,1006,6
intron,1007,9
intron,1008,12
intron,1009,9
intron,1010,17
intron,1011,10
intron,1012,9
intron,1013,7
intron,1014,5
intron,1015,5
intron,1016,6
intron,1017,6
intron,1018,10
intron,1019,5
intron,1020,13
intron,1021,6
intron,1022,5
intron,1023,2
intron,1024,9
intron,1025,3
intron,1026,2
intron,1027,5
intron,1028,6
intron,1029,4
intron,1030,9
intron,1031,2
intron,1032,9
intron,1033,6
intron,1034,5
intron,1035,4
intron,1036,5
intron,1037,3
intron,1038,8
intron,1039,4
intron,1040,6
intron,1041,12
intron,1042,6
intron,1043,5
intron,1044,3
intron,1045,11
intron,1046,11
intron,1047,8
intron,1048,4
intron,1049,1
intron,1050,10
intron,1051,8
intron,1052,3
intron,1053,8
intron,1054,3
intron,1055,4
intron,1056,11
intron,1057,3
intron,1058,1
intron,1059,7
intron,1060,7
intron,1061,6
intron,1062,6
intron,1063,3
intron,1064,7
intron,1065,7
intron,1066,7
intron,1067,2
intron,1069,3
intron,1070,4
intron,1071,3
intron,1072,4
intron,1073,5
intron,1074,8
intron,1075,4
intron,1076,9
intron,1077,9
intron,1078,11
intron,1079,8
intron,1080,3
intron,1081,4
intron,1082,3
intron,1083,5
intron,1084,2
intron,1085,4
intron,1086,4
intron,1087,3
intron,1088,6
intron,1089,6
intron,1090,1
intron,1091,7
intron,1092,3
intron,1093,3
intron,1094,4
intron,1095,5
intron,1096,9
intron,1097,7
intron,1098,7
intron,1099,2
intron,1100,3
intron,1101,7
intron,1102,5
intron,1103,6
intron,1104,7
intron,1105,3
intron,1106,6
intron,1107,4
intron,1108,8
intron,1109,6
intron,1110,4
intron,1111,4
intron,1112,3
intron,1113,6
intron,1114,3
intron,1115,4
intron,1116,4
intron,1117,2
intron,1118,3
intron,1119,5
intron,1120,2
intron,1121,3
intron,1122,9
intron,1123,8
intron,1124,4
intron,1125,6
intron,1126,3
intron,1127,2
intron,1128,3
intron,1129,2
intron,1130,2
intron,1131,4
intron,1132,2
intron,1133,6
intron,1134,11
intron,1135,9
intron,1136,8
intron,1138,4
intron,1139,3
intron,1141,6
intron,1142,2
intron,1143,6
intron,1144,3
intron,1145,6
intron,1146,5
intron,1147,5
intron,1148,12
intron,1149,4
intron,1150,5
intron,1151,7
intron,1152,5
intron,1153,4
intron,1154,5
intron,1155,4
intron,1156,8
intron,1157,10
intron,1158,3
intron,1159,3
intron,1160,4
intron,1161,2
intron,1162,2
intron,1163,1
intron,1164,3
intron,1165,4
intron,1166,5
intron,1167,6
intron,1168,2
intron,1169,4
intron,1170,5
intron,1171,3
intron,1172,3
intron,1173,6
intron,1174,7
intron,1175,4
intron,1176,4
intron,1177,6
intron,1178,2
intron,1179,3
intron,1180,5
intron,1182,4
intron,1183,5
intron,1184,1
intron,1185,2
intron,1186,3
intron,1187,6
intron,1188,3
intron,1189,6
intron,1190,2
intron,1191,6
intron,1192,3
intron,1193,4
intron,1194,1
intron,1195,5
intron,1196,1
intron,1197,2
intron,1198,4
intron,1199,2
intron,1200,4
intron,1201,3
intron,1202,1
intron,1203,3
intron,1204,5
intron,1205,2
intron,1206,4
intron,1207,4
intron,1208,6
intron,1209,4
intron,1210,3
intron,1211,2
intron,1212,5
intron,1213,2
intron,1214,3
intron,1215,2
intron,1216,4
intron,1217,2
intron,1218,3
intron,1219,4
intron,1220,2
intron,1221,2
intron,1222,6
intron,1223,1
intron,1224,8
intron,1225,4
intron,1226,1
intron,1227,2
intron,1228,5
intron,1229,5
intron,1230,4
intron,1231,5
intron,1232,3
intron,1233,6
intron,1234,2
intron,1235,5
intron,1236,2
intron,1237,6
intron,1238,2
intron,1239,2
intron,1240,1
intron,1241,2
intron,1242,11
intron,1243,2
intron,1244,2
intron,1245,3
intron,1246,5
intron,1247,1
intron,1248,3
intron,1250,3
intron,1251,2
intron,1252,1
intron,1253,6
intron,1254,5
intron,1255,7
intron,1256,10
intron,1257,2
intron,1258,4
intron,1259,2
intron,1260,6
intron,1261,2
intron,1262,4
intron,1263,1
intron,1264,1
intron,1265,2
intron,1266,4
intron,1267,4
intron,1268,3
intron,1269,3
intron,1270,1
intron,1271,1
intron,1272,3
intron,1273,3
intron,1274,3
intron,1275,3
intron,1276,2
intron,1277,6
intron,1278,1
intron,1280,4
intron,1281,2
intron,1282,7
intron,1283,5
intron,1284,3
intron,1285,3
intron,1286,1
intron,1287,1
intron,1288,2
intron,1289,1
intron,1290,5
intron,1291,3
intron,1293,2
intron,1294,8
intron,1296,5
intron,1297,4
intron,1298,7
intron,1299,3
intron,1300,3
intron,1301,4
intron,1302,4
intron,1303,3
intron,1304,2
intron,1305,2
intron,1306,4
intron,1307,1
intron,1308,2
intron,1309,3
intron,1310,4
intron,1311,1
intron,1312,1
intron,1313,1
intron,1314,2
intron,1315,1
intron,1316,3
intron,1317,2
intron,1318,2
intron,1319,3
intron,1321,2
intron,1322,3
intron,1323,7
intron,1326,2
intron,1327,2
intron,1328,2
intron,1329,7
intron,1330,3
intron,1331,3
intron,1332,1
intron,1333,7
intron,1334,5
intron,1336,1
intron,1337,2
intron,1338,1
intron,1339,3
intron,1340,1
intron,1341,3
intron,1342,1
intron,1343,3
intron,1344,2
intron,1345,2
intron,1346,3
intron,1347,1
intron,1348,2
intron,1349,2
intron,1350,3
intron,1352,5
intron,1353,4
intron,1354,3
intron,1355,5
intron,1356,4
intron,1357,2
intron,1358,3
intron,1359,2
intron,1360,3
intron,1361,4
intron,1362,4
intron,1363,6
intron,1364,2
intron,1365,2
intron,1366,4
intron,1367,4
intron,1368,2
intron,1369,2
intron,1371,1
intron,1372,2
intron,1373,1
intron,1374,1
intron,1375,2
intron,1376,2
intron,1377,3
intron,1378,4
intron,1380,3
intron,1381,5
intron,1382,7
intron,1384,3
intron,1385,1
intron,1386,3
intron,1387,4
intron,1389,4
intron,1391,2
intron,1392,3
intron,1393,2
intron,1394,2
intron,1396,1
intron,1397,2
intron,1398,5
intron,1399,2
intron,1401,1
intron,1402,3
intron,1403,7
intron,1404,2
intron,1405,4
intron,1407,3
intron,1408,2
intron,1410,3
intron,1411,4
intron,1412,2
intron,1413,1
intron,1414,5
intron,1415,2
intron,1417,8
intron,1418,3
intron,1419,2
intron,1420,6
intron,1421,3
intron,1422,3
intron,1423,1
intron,1424,1
intron,1425,2
intron,1426,2
intron,1427,6
intron,1429,3
intron,1430,5
intron,1431,1
intron,1432,3
intron,1433,7
intron,1434,2
intron,1435,2
intron,1436,2
intron,1437,1
intron,1438,3
intron,1439,1
intron,1440,3
intron,1441,2
intron,1442,4
intron,1443,2
intron,1444,1
intron,1445,1
intron,1446,1
intron,1448,2
intron,1449,2
intron,1450,2
intron,1451,5
intron,1452,2
intron,1453,2
intron,1454,2
intron,1455,5
intron,1456,2
intron,1457,2
intron,1458,4
intron,1460,5
intron,1463,5
intron,1464,2
intron,1465,1
intron,1466,6
intron,1467,3
intron,1469,3
intron,1470,2
intron,1471,2
intron,1472,6
intron,1473,2
intron,1474,4
intron,1476,4
intron,1478,4
intron,1479,1
intron,1480,3
intron,1481,1
intron,1482,2
intron,1483,3
intron,1484,3
intron,1485,1
intron,1486,3
intron,1487,3
intron,1488,4
intron,1489,1
intron,1490,2
intron,1491,4
intron,1492,1
intron,1494,1
intron,1495,1
intron,1496,1
intron,1497,5
intron,1498,2
intron,1500,3
intron,1501,2
intron,1502,2
intron,1504,1
intron,1506,3
intron,1507,3
intron,1508,5
intron,1509,4
intron,1510,2
intron,1511,1
intron,1513,4
intron,1514,2
intron,1516,2
intron,1518,2
intron,1520,3
intron,1523,2
intron,1524,1
intron,1525,1
intron,1526,4
intron,1528,1
intron,1529,1
intron,1530,1
intron,1532,5
intron,1533,1
intron,1534,1
intron,1535,4
intron,1536,4
intron,1537,3
intron,1538,2
intron,1539,1
intron,1541,1
intron,1542,2
intron,1543,2
intron,1544,3
intron,1545,3
intron,1546,2
intron,1547,3
intron,1548,1
intron,1550,3
intron,1551,2
intron,1552,3
intron,1554,4
intron,1555,3
intron,1556,2
intron,1557,3
intron,1558,2
intron,1559,2
intron,1560,1
intron,1562,5
intron,1563,3
intron,1564,1
intron,1565,2
intron,1566,3
intron,1567,4
intron,1568,2
intron,1569,1
intron,1570,2
intron,1571,2
intron,1572,1
intron,1573,2
intron,1574,4
intron,1575,2
intron,1578,3
intron,1579,3
intron,1581,1
intron,1582,3
intron,1584,1
intron,1585,2
intron,1586,2
intron,1587,2
intron,1588,5
intron,1589,2
intron,1590,1
intron,1591,2
intron,1593,2
intron,1594,1
intron,1595,4
intron,1596,3
intron,1597,2
intron,1598,4
intron,1599,5
intron,1600,1
intron,1603,3
intron,1604,1
intron,1605,2
intron,1607,1
intron,1608,2
intron,1609,4
intron,1611,7
intron,1612,2
intron,1614,1
intron,1615,1
intron,1616,1
intron,1619,2
intron,1620,2
intron,1621,1
intron,1622,3
intron,1623,3
intron,1624,2
intron,1628,4
intron,1629,3
intron,1630,2
intron,1632,1
intron,1634,1
intron,1635,1
intron,1636,4
intron,1637,4
intron,1638,1
intron,1640,2
intron,1641,1
intron,1642,2
intron,1643,1
intron,1644,2
intron,1646,4
intron,1647,2
intron,1648,3
intron,1649,1
intron,1650,1
intron,1651,2
intron,1652,4
intron,1653,1
intron,1654,1
intron,1655,1
intron,1657,1
intron,1658,1
intron,1660,4
intron,1661,1
intron,1664,3
intron,1665,1
intron,1667,3
intron,1669,1
intron,1670,4
intron,1671,1
intron,1672,1
intron,1673,1
intron,1675,3
intron,1676,2
intron,1678,1
intron,1680,7
intron,1681,1
intron,1682,2
intron,1683,3
intron,1684,1
intron,1685,1
intron,1687,2
intron,1688,1
intron,1689,3
intron,1690,2
intron,1692,3
intron,1693,2
intron,1694,2
intron,1695,2
intron,1696,1
intron,1697,1
intron,1698,1
intron,1700,3
intron,1701,2
intron,1703,1
intron,1704,3
intron,1705,1
intron,1706,1
intron,1707,3
intron,1708,3
intron,1709,4
intron,1710,1
intron,1711,5
intron,1713,5
intron,1714,1
intron,1716,4
intron,1717,1
intron,1719,1
intron,1720,1
intron,1722,1
intron,1723,1
intron,1724,2
intron,1726,1
intron,1728,1
intron,1732,3
intron,1734,2
intron,1736,1
intron,1737,4
intron,1738,2
intron,1739,4
intron,1740,2
intron,1741,1
intron,1743,4
intron,1744,2
intron,1746,2
intron,1747,1
intron,1748,2
intron,1749,4
intron,1750,1
intron,1751,3
intron,1753,3
intron,1754,2
intron,1755,2
intron,1759,2
intron,1760,2
intron,1761,1
intron,1762,1
intron,1768,2
intron,1769,1
intron,1770,2
intron,1773,2
intron,1774,2
intron,1775,1
intron,1776,2
intron,1777,2
intron,1778,1
intron,1779,2
intron,1780,1
intron,1784,1
intron,1785,2
intron,1786,1
intron,1787,1
intron,1788,1
intron,1789,1
intron,1790,1
intron,1791,1
intron,1793,2
intron,1795,1
intron,1797,4
intron,1798,1
intron,1799,2
intron,1800,1
intron,1802,2
intron,1803,2
intron,1804,2
intron,1805,1
intron,1809,2
intron,1810,1
intron,1811,5
intron,1812,2
intron,1813,1
intron,1814,1
intron,1817,1
intron,1819,1
intron,1820,1
intron,1821,1
intron,1822,4
intron,1823,1
intron,1824,1
intron,1826,3
intron,1830,3
intron,1831,2
intron,1833,1
intron,1836,3
intron,1837,1
intron,1838,1
intron,1839,2
intron,1840,2
intron,1841,2
intron,1842,1
intron,1843,2
intron,1844,4
intron,1849,2
intron,1850,2
intron,1852,1
intron,1853,2
intron,1854,3
intron,1855,1
intron,1857,3
intron,1861,3
intron,1864,1
intron,1865,1
intron,1867,3
intron,1869,1
intron,1870,1
intron,1872,3
intron,1873,1
intron,1875,1
intron,1878,1
intron,1879,3
intron,1880,3
intron,1882,2
intron,1883,1
intron,1884,1
intron,1886,1
intron,1887,2
intron,1888,1
intron,1889,2
intron,1891,6
intron,1892,1
intron,1895,1
intron,1897,1
intron,1898,2
intron,1899,2
intron,1900,1
intron,1901,1
intron,1902,2
intron,1903,1
intron,1904,1
intron,1905,1
intron,1908,1
intron,1910,1
intron,1912,1
intron,1914,1
intron,1915,1
intron,1916,1
intron,1918,1
intron,1919,1
intron,1922,1
intron,1924,1
intron,1926,2
intron,1927,1
intron,1929,2
intron,1930,1
intron,1932,2
intron,1934,4
intron,1936,1
intron,1937,1
intron,1939,3
intron,1940,1
intron,1941,2
intron,1944,1
intron,1945,1
intron,1948,2
intron,1949,1
intron,1951,2
intron,1952,2
intron,1953,1
intron,1956,2
intron,1957,1
intron,1958,1
intron,1960,3
intron,1963,3
intron,1966,1
intron,1968,2
intron,1972,1
intron,1973,1
intron,1974,2
intron,1979,4
intron,1980,1
intron,1984,1
intron,1985,1
intron,1988,2
intron,1989,1
intron,1991,2
intron,1996,1
intron,1999,1
intron,2000,3
intron,2001,1
intron,2002,1
intron,2003,2
intron,2005,1
intron,2008,2
intron,2009,1
intron,2011,2
intron,2013,1
intron,2017,2
intron,2018,1
intron,2019,2
intron,2020,1
intron,2022,1
intron,2023,1
intron,2024,2
intron,2025,2
intron,2027,2
intron,2028,1
intron,2030,2
intron,2031,2
intron,2034,2
intron,2035,1
intron,2036,2
intron,2037,1
intron,2038,2
intron,2040,1
intron,2043,1
intron,2045,1
intron,2047,1
intron,2052,2
intron,2056,3
intron,2059,5
intron,2061,1
intron,2065,1
intron,2066,1
intron,2067,1
intron,2068,1
intron,2070,3
intron,2071,1
intron,2075,1
intron,2077,1
intron,2078,2
intron,2079,1
intron,2080,1
intron,2082,1
intron,2084,1
intron,2085,2
intron,2086,2
intron,2087,1
intron,2088,1
intron,2089,1
intron,2091,2
intron,2094,2
intron,2095,1
intron,2100,1
intron,2101,1
intron,2103,1
intron,2105,2
intron,2106,1
intron,2109,1
intron,2113,1
intron,2114,2
intron,2115,1
intron,2117,1
intron,2119,1
intron,2120,3
intron,2122,2
intron,2124,3
intron,2125,1
intron,2126,1
intron,2127,1
intron,2130,2
intron,2131,3
intron,2135,2
intron,2137,1
intron,2138,1
intron,2140,1
intron,2142,2
intron,2144,1
intron,2147,1
intron,2148,5
intron,2149,1
intron,2152,1
intron,2154,1
intron,2156,2
intron,2160,1
intron,2162,1
intron,2164,2
intron,2166,1
intron,2167,2
intron,2170,3
intron,2172,2
intron,2174,2
intron,2177,1
intron,2183,2
intron,2187,2
intron,2188,1
intron,2189,2
intron,2190,1
intron,2193,1
intron,2196,1
intron,2200,2
intron,2201,1
intron,2202,1
intron,2205,1
intron,2207,1
intron,2208,2
intron,2209,1
intron,2210,1
intron,2212,1
intron,2213,1
intron,2214,2
intron,2218,3
intron,2221,1
intron,2222,2
intron,2223,1
intron,2224,1
intron,2225,1
intron,2226,3
intron,2227,1
intron,2229,2
intron,2233,1
intron,2234,1
intron,2235,1
intron,2236,1
intron,2237,1
intron,2240,1
intron,2241,1
intron,2246,2
intron,2247,2
intron,2248,1
intron,2250,1
intron,2251,1
intron,2255,1
intron,2256,1
intron,2259,1
intron,2260,4
intron,2261,2
intron,2262,1
intron,2263,1
intron,2268,2
intron,2269,1
intron,2270,1
intron,2271,1
intron,2272,1
intron,2277,1
intron,2279,1
intron,2282,1
intron,2289,1
intron,2292,1
intron,2294,1
intron,2295,2
intron,2298,1
intron,2302,2
intron,2305,1
intron,2306,3
intron,2308,2
intron,2315,2
intron,2319,1
intron,2320,2
intron,2321,1
intron,2322,1
intron,2323,1
intron,2330,1
intron,2331,1
intron,2332,1
intron,2335,2
intron,2340,1
intron,2343,3
intron,2344,1
intron,2348,3
intron,2352,1
intron,2353,1
intron,2357,1
intron,2360,2
intron,2362,2
intron,2365,2
intron,2366,1
intron,2368,2
intron,2370,1
intron,2371,2
intron,2373,1
intron,2377,3
intron,2379,1
intron,2380,1
intron,2381,1
intron,2388,1
intron,2390,1
intron,2392,1
intron,2394,1
intron,2397,2
intron,2401,2
intron,2405,1
intron,2413,1
intron,2414,1
intron,2417,1
intron,2418,1
intron,2422,1
intron,2423,1
intron,2424,1
intron,2426,1
intron,2427,1
intron,2428,1
intron,2429,1
intron,2435,1
intron,2441,2
intron,2443,1
intron,2444,2
intron,2445,3
intron,2449,3
intron,2451,1
intron,2455,1
intron,2457,1
intron,2458,1
intron,2459,1
intron,2461,2
intron,2466,1
intron,2468,1
intron,2470,1
intron,2472,3
intron,2475,2
intron,2476,1
intron,2484,2
intron,2485,2
intron,2486,2
intron,2487,2
intron,2489,1
intron,2494,1
intron,2497,3
intron,2502,1
intron,2504,2
intron,2505,1
intron,2509,1
intron,2516,2
intron,2520,1
intron,2525,1
intron,2536,1
intron,2539,2
intron,2540,2
intron,2541,1
intron,2543,1
intron,2546,2
intron,2557,2
intron,2561,1
intron,2563,1
intron,2565,1
intron,2567,1
intron,2568,1
intron,2570,1
intron,2572,1
intron,2575,3
intron,2576,2
intron,2579,1
intron,2580,2
intron,2583,2
intron,2589,1
intron,2605,1
intron,2609,1
intron,2614,1
intron,2623,1
intron,2627,1
intron,2633,2
intron,2634,1
intron,2638,1
intron,2650,1
intron,2655,1
intron,2656,2
intron,2659,1
intron,2660,1
intron,2661,1
intron,2664,1
intron,2675,1
intron,2676,1
intron,2677,2
intron,2680,3
intron,2683,1
intron,2685,2
intron,2686,1
intron,2704,1
intron,2705,1
intron,2707,1
intron,2712,1
intron,2719,1
intron,2723,1
intron,2726,1
intron,2728,1
intron,2729,1
intron,2732,1
intron,2734,2
intron,2738,2
intron,2743,2
intron,2744,2
intron,2748,1
intron,2756,1
intron,2768,1
intron,2773,1
intron,2774,1
intron,2776,1
intron,2777,1
intron,2782,1
intron,2788,1
intron,2791,1
intron,2793,2
intron,2794,1
intron,2796,1
intron,2799,1
intron,2804,1
intron,2807,2
intron,2813,1
intron,2819,3
intron,2831,1
intron,2839,1
intron,2841,1
intron,2842,2
intron,2845,2
intron,2847,2
intron,2849,1
intron,2851,1
intron,2853,1
intron,2858,1
intron,2860,1
intron,2867,1
intron,2873,1
intron,2874,1
intron,2875,1
intron,2887,1
intron,2890,1
intron,2891,1
intron,2906,1
intron,2909,1
intron,2915,1
intron,2916,3
intron,2917,1
intron,2926,1
intron,2934,1
intron,2943,1
intron,2945,1
intron,2952,1
intron,2953,1
intron,2956,1
intron,2958,1
intron,2960,1
intron,2961,1
intron,2964,1
intron,2968,1
intron,2976,1
intron,2979,1
intron,2981,1
intron,2988,1
intron,2996,1
intron,3011,2
intron,3021,3
intron,3026,1
intron,3028,1
intron,3030,1
intron,3031,1
intron,3041,1
intron,3044,1
intron,3048,1
intron,3050,1
intron,3053,1
intron,3058,1
intron,3068,1
intron,3070,1
intron,3072,1
intron,3073,1
intron,3075,1
intron,3077,1
intron,3080,1
intron,3084,1
intron,3087,2
intron,3096,2
intron,3097,2
intron,3104,1
intron,3105,1
intron,3107,1
intron,3108,3
intron,3113,1
intron,3114,1
intron,3123,1
intron,3124,1
intron,3127,1
intron,3128,1
intron,3132,3
intron,3135,1
intron,3136,1
intron,3141,1
intron,3145,2
intron,3146,1
intron,3147,1
intron,3172,1
intron,3177,2
intron,3185,1
intron,3188,1
intron,3203,2
intron,3207,1
intron,3211,1
intron,3224,1
intron,3239,1
intron,3245,1
intron,3251,1
intron,3257,1
intron,3261,1
intron,3264,1
intron,3266,3
intron,3267,1
intron,3268,1
intron,3276,1
intron,3280,1
intron,3290,1
intron,3300,1
intron,3308,1
intron,3309,1
intron,3326,1
intron,3328,1
intron,3333,1
intron,3336,1
intron,3343,1
intron,3347,1
intron,3348,1
intron,3353,1
intron,3356,1
intron,3368,1
intron,3369,2
intron,3370,1
intron,3378,1
intron,3379,1
intron,3381,1
intron,3388,1
intron,3389,2
intron,3390,1
intron,3392,1
intron,3398,3
intron,3399,2
intron,3402,1
intron,3414,1
intron,3421,1
intron,3422,1
intron,3424,1
intron,3427,1
intron,3428,1
intron,3433,1
intron,3440,1
intron,3441,1
intron,3455,1
intron,3456,2
intron,3468,1
intron,3469,1
intron,3470,2
intron,3471,1
intron,3478,1
intron,3480,1
intron,3482,1
intron,3483,1
intron,3501,1
intron,3502,1
intron,3504,2
intron,3536,1
intron,3557,1
intron,3563,1
intron,3564,1
intron,3592,1
intron,3602,1
intron,3603,3
intron,3606,1
intron,3617,1
intron,3633,1
intron,3635,1
intron,3637,1
intron,3644,1
intron,3647,2
intron,3657,1
intron,3683,1
intron,3691,1
intron,3707,1
intron,3737,1
intron,3738,1
intron,3740,1
intron,3742,1
intron,3745,2
intron,3746,1
intron,3758,1
intron,3770,1
intron,3774,1
intron,3786,1
intron,3799,1
intron,3803,1
intron,3813,1
intron,3837,1
intron,3838,2
intron,3844,1
intron,3851,1
intron,3859,2
intron,3866,1
intron,3868,2
intron,3869,1
intron,3883,1
intron,3888,1
intron,3890,1
intron,3894,1
intron,3904,1
intron,3909,1
intron,3914,1
intron,3919,1
intron,3926,1
intron,3934,1
intron,3936,2
intron,3946,1
intron,3947,1
intron,3964,1
intron,3965,1
intron,3978,1
intron,3981,2
intron,4009,2
intron,4021,2
intron,4026,1
intron,4035,1
intron,4047,1
intron,4092,1
intron,4117,1
intron,4120,1
intron,4131,1
intron,4138,1
intron,4147,1
intron,4150,2
intron,4157,1
intron,4164,1
intron,4169,1
intron,4170,1
intron,4200,1
intron,4203,1
intron,4208,1
intron,4213,2
intron,4220,1
intron,4223,1
intron,4236,1
intron,4245,1
intron,4249,1
intron,4269,1
intron,4277,2
intron,4279,1
intron,4287,1
intron,4296,1
intron,4312,2
intron,4328,1
intron,4339,1
intron,4369,1
intron,4375,2
intron,4383,1
intron,4384,1
intron,4391,1
intron,4401,1
intron,4421,1
intron,4440,1
intron,4452,1
intron,4460,1
intron,4473,1
intron,4484,2
intron,4488,2
intron,4500,1
intron,4506,1
intron,4507,1
intron,4537,1
intron,4554,1
intron,4572,1
intron,4578,1
intron,4581,2
intron,4584,1
intron,4587,1
intron,4595,1
intron,4596,1
intron,4634,1
intron,4642,1
intron,4659,1
intron,4671,1
intron,4677,1
intron,4687,1
intron,4701,1
intron,4704,1
intron,4718,1
intron,4740,1
intron,4741,1
intron,4798,1
intron,4803,1
intron,4818,1
intron,4823,2
intron,4854,1
intron,4861,1
intron,4870,1
intron,4898,1
intron,4899,2
intron,4918,1
intron,4931,1
intron,4993,1
intron,4994,1
intron,5015,1
intron,5085,1
intron,5094,1
intron,5100,1
intron,5144,1
intron,5152,1
intron,5229,1
intron,5251,1
intron,5253,1
intron,5254,1
intron,5277,2
intron,5309,1
intron,5322,1
intron,5351,1
intron,5372,1
intron,5376,1
intron,5392,1
intron,5417,1
intron,5431,1
intron,5478,1
intron,5494,1
intron,5508,1
intron,5522,1
intron,5528,4
intron,5539,2
intron,5553,1
intron,5558,1
intron,5573,2
intron,5605,1
intron,5618,1
intron,5714,1
intron,5740,1
intron,5791,1
intron,5794,2
intron,5813,2
intron,5829,1
intron,5845,1
intron,5849,1
intron,5862,1
intron,5892,1
intron,5905,1
intron,5906,1
intron,5919,2
intron,5927,2
intron,5931,1
intron,5935,1
intron,5943,1
intron,5969,1
intron,5970,1
intron,5992,1
intron,6014,1
intron,6061,2
intron,6107,1
intron,6110,1
intron,6134,1
intron,6146,1
intron,6215,1
intron,6256,2
intron,6267,1
intron,6331,1
intron,6388,1
intron,6429,1
intron,6458,1
intron,6513,1
intron,6522,1
intron,6568,1
intron,6721,1
intron,6767,1
intron,6805,1
intron,6817,1
intron,6824,2
intron,6897,1
intron,6931,1
intron,6944,1
intron,6971,1
intron,6980,1
intron,7019,1
intron,7025,1
intron,7032,4
intron,7040,1
intron,7099,1
intron,7107,1
intron,7115,1
intron,7199,1
intron,7206,2
intron,7249,1
intron,7288,1
intron,7296,1
intron,7348,1
intron,7354,1
intron,7440,1
intron,7576,1
intron,7734,1
intron,7797,1
intron,7854,1
intron,7905,1
intron,7927,1
intron,7931,1
intron,8011,1
intron,8149,1
intron,8177,1
intron,8230,1
intron,8267,1
intron,8419,1
intron,8501,1
intron,8509,1
intron,8510,1
intron,8669,1
intron,8718,1
intron,8876,1
intron,9044,1
intron,9082,1
intron,9114,1
intron,9432,2
intron,9534,1
intron,9596,1
intron,9621,1
intron,9628,1
intron,9756,1
intron,9825,1
intron,9937,1
intron,10393,1
intron,10525,1
intron,10549,1
intron,11261,1
intron,11312,2
intron,11330,1
intron,11352,3
intron,11572,1
intron,11606,1
intron,11671,2
intron,12477,1
intron,12644,2
intron,12777,1
intron,12859,1
intron,13105,1
intron,13116,1
intron,13145,1
intron,13498,1
intron,13622,1
intron,13677,1
intron,13709,1
intron,14446,1
intron,14584,1
intron,16515,1
intron,17210,1
intron,17240,1
intron,86515,1
