gid,fitness,wacc,wdon,wexs,wins,wexl,winl,winf
2.158,0.9982,0.1658,0.1587,0.0435,0.0059,0.0014,0.0011,0.0132
1.191,0.9781,0.8223,0.2525,0.0311,0.0544,0.1851,0.5868,0.2538
3.38,0.6030,0.9487,0.9931,0.0068,0.6810,0.9915,0.0026,0.9820
1.69,0.0683,0.5059,0.0530,0.0003,0.8723,0.0051,0.0879,0.9998
1.268,0.6776,0.9974,0.9962,0.0012,0.0013,0.0031,0.0725,0.9908
1.459,1.0000,0.5813,0.6509,0.4219,0.2139,0.6099,0.5020,0.7032
1.355,0.6678,0.5690,0.9982,0.0025,0.9963,0.9984,0.0002,0.9921
2.113,0.5010,0.9902,0.9923,0.0001,0.0326,0.9959,1.0000,0.9945
1.412,0.7515,0.9974,0.9875,0.0022,0.9987,0.0045,0.4514,0.9975
1.237,0.6738,0.9960,0.2412,0.4076,0.9962,0.0107,0.0021,0.9941
1.22,0.1639,0.9996,0.9838,0.0903,0.9881,0.0073,0.9920,0.9959
1.386,1.0000,0.3040,0.2277,0.2316,0.5882,0.3347,0.8125,0.0070
1.139,0.0001,0.9825,0.5210,0.0140,0.8616,0.9669,0.0141,0.9610
1.105,0.5140,0.4887,0.9956,0.0031,0.9982,0.9982,0.9801,0.9943
2.15,0.0633,0.9898,0.9935,0.1960,0.4775,0.9829,0.9993,0.9954
1.166,0.0556,0.5978,0.9999,0.0044,0.4020,0.0049,0.0050,0.9913
1.58,0.1030,0.9982,0.8764,0.0080,0.9983,0.0013,0.6176,0.9992
1.324,1.0000,0.9433,0.2321,0.1987,0.3250,0.2420,0.0972,0.2425
2.276,0.5002,0.9500,0.0005,0.0042,0.9901,0.7027,0.9945,0.9928
1.240,0.5874,0.9991,0.0112,0.0014,0.6226,0.0012,0.0007,0.9997
1.495,0.8028,0.3049,0.8321,0.0035,0.0028,0.9871,0.0091,0.9960
2.229,0.7440,0.9899,0.9924,0.1080,0.0006,0.0015,0.0018,0.9953
1.462,0.9999,0.3648,0.2790,0.1252,0.4659,0.3954,0.4982,0.5645
2.127,0.7510,0.4078,1.0000,0.0035,0.5923,0.4264,0.9937,0.9979
3.66,0.8074,0.3598,0.0001,0.0072,0.0076,0.5662,0.0045,0.9986
1.500,1.0000,0.6399,0.0422,0.3223,0.9310,0.8819,0.9086,0.3512
2.256,0.7153,0.9998,0.9955,0.0008,0.9994,0.0046,0.0021,0.5208
1.80,0.2456,0.6601,0.4716,0.0031,0.9982,0.0053,0.9928,0.9980
2.43,0.3452,0.9944,0.9953,0.3324,0.0076,0.0020,0.2187,0.9869
2.1,0.0482,0.6888,0.9998,0.3164,0.1721,0.9952,0.0005,0.0055
2.178,0.7532,0.9989,0.1696,0.0016,0.9957,0.9975,0.9978,0.9999
3.39,0.4001,0.3026,0.9872,0.0000,0.9992,0.9288,0.5919,0.9998
2.281,0.6000,0.9996,0.9914,0.3036,0.0008,0.9990,0.2590,1.0000
1.196,0.6654,0.9973,0.0088,0.0014,0.2734,0.3055,0.2301,0.9989
2.206,0.7500,0.8084,0.3280,0.0081,0.9959,0.7036,0.0047,0.9988
1.271,0.6670,0.9995,0.9996,0.0824,0.4636,0.0067,0.0038,0.9952
2.259,0.6149,0.3690,0.9988,0.0084,0.0045,0.9958,0.9992,0.0022
1.315,1.0000,0.6400,0.8097,0.6556,0.1558,0.4408,0.5801,0.2252
1.481,0.8009,0.9931,0.5525,0.0017,0.9796,0.0019,0.0010,0.9937
2.72,0.8000,0.9942,0.0262,0.0023,0.9908,0.0045,0.0938,0.0105
3.16,0.5001,0.9222,0.9983,0.0012,0.9980,0.0005,0.0062,0.9977
2.157,0.6124,0.9947,0.9994,0.0031,0.0239,0.9898,0.0035,0.0130
2.180,0.5000,0.9991,0.9982,0.0028,0.9963,0.2975,0.0027,0.9999
2.39,0.3944,0.9968,0.9970,0.7918,0.9951,0.0018,0.3262,0.9984
2.267,1.0000,0.0141,0.7929,0.8326,0.5355,0.1321,0.1765,0.4043
3.49,0.8007,0.6978,0.2298,0.0005,0.1716,0.2997,0.0016,0.9939
2.108,0.5907,0.0285,0.9942,0.2866,0.0038,0.0068,0.8605,0.9976
2.92,0.5037,0.9993,0.9969,0.3533,0.9834,0.9972,0.9976,0.9786
2.122,0.7506,0.9903,0.9993,0.3051,0.5556,0.0019,0.9976,0.3956
3.42,0.6000,0.9937,0.9895,0.0108,0.9936,0.0042,0.0013,0.9936
1.218,0.5003,0.9956,0.0007,0.0047,0.9997,0.0072,0.0049,0.9968
1.13,0.3406,0.5168,0.2608,0.0009,0.4991,0.9505,0.0449,0.9992
1.423,1.0000,0.4856,0.9616,0.5548,0.8361,0.1838,0.3908,0.9452
2.169,0.8003,0.9996,0.9873,0.0032,0.0001,0.9846,0.0008,0.9901
1.325,0.6790,0.9961,0.9983,0.0098,0.0660,0.0046,0.0017,0.9971
1.468,0.8025,0.0056,0.9980,0.0017,0.0052,0.1433,0.0036,0.9998
1.247,1.0000,0.8579,0.0277,0.1892,0.4665,0.6522,0.2241,0.6990
3.3,0.1973,1.0000,0.0002,0.2438,0.3230,0.5791,0.9959,0.9977
1.298,0.6673,0.0491,0.9958,0.0019,0.1902,0.9892,0.0008,0.9991
1.134,0.5288,0.5924,0.9962,0.0026,0.9970,0.4730,0.3138,0.9953
1.77,0.0093,0.9996,0.9968,0.0055,0.6324,0.0060,0.8185,0.9899
1.149,0.5006,0.9999,0.1346,0.0003,0.5340,0.0144,0.0006,0.9918
2.65,0.1366,0.9906,0.9874,0.1564,0.4886,0.0007,0.1307,0.9992
1.116,0.0013,0.9841,0.9921,0.0078,0.9870,0.0025,0.0000,0.9965
1.28,0.2547,0.9829,0.9970,0.0042,0.0322,0.2699,0.9917,0.9991
1.538,1.0000,0.2863,0.8773,0.3510,0.6332,0.7457,0.5662,0.7233
2.10,0.0944,0.9991,0.9959,0.0000,0.9988,0.0101,0.0413,0.9955
1.405,1.0000,0.1908,0.9859,0.9455,0.5160,0.3206,0.1055,0.2127
2.205,0.9442,0.0040,0.0185,0.0599,0.5744,0.0123,0.9987,0.0062
2.140,0.6708,0.9997,0.9914,0.0003,0.7715,0.0093,0.0003,0.9947
1.98,0.5235,0.5159,0.9897,0.0001,0.0048,0.9936,0.0246,0.9997
1.258,0.7115,0.9859,0.9946,0.3158,0.9960,0.0073,0.0029,0.9939
1.213,0.0774,0.4652,0.0844,0.0021,0.9765,0.0012,0.0011,0.9834
1.377,1.0000,0.5452,0.9539,0.3574,0.1623,0.0625,0.0911,0.8473
2.211,0.6417,0.9997,0.9999,0.0063,0.0023,0.6414,0.0043,0.9898
1.156,0.1163,0.7896,0.9939,0.0092,0.9912,0.0006,0.0113,0.9860
1.101,0.5001,0.9419,0.9970,0.4158,0.0059,0.9992,0.9982,0.9988
4.0,0.0723,0.4296,0.9992,0.2575,0.9999,0.0063,0.9785,0.7541
1.60,0.0096,0.9998,0.9937,0.0244,0.9369,0.0072,0.9891,0.9990
1.525,1.0000,0.3164,0.3109,0.3573,0.3965,0.9634,0.9048,0.5701
1.441,1.0000,0.2844,0.1884,0.9577,0.8138,0.1001,0.3529,0.9312
1.71,0.0020,0.9993,0.9974,0.5983,0.9393,0.9999,0.9975,0.9991
3.20,0.5037,0.9934,0.9960,0.0014,0.9966,0.0044,0.9962,0.9835
1.332,0.6657,0.0016,0.9953,0.0108,0.9997,0.9998,0.1707,0.9959
1.250,0.6671,0.9991,0.9967,0.9471,0.7294,0.9345,0.0089,0.9926
1.97,0.4910,0.9988,0.9784,0.0032,1.0000,0.0007,0.0001,0.9957
2.85,0.7132,0.9882,0.0015,0.2398,0.9971,0.0027,0.0057,0.9849
1.280,0.6751,0.9997,0.9998,0.0014,0.0020,0.4428,0.9997,0.9970
1.171,0.5106,0.9994,0.9946,0.0042,0.8800,0.0041,0.9951,0.9992
1.288,0.6750,0.7445,0.9973,0.0803,0.0035,0.0034,0.0011,0.9991
2.6,0.1453,0.9962,0.9950,0.1882,0.3377,0.0008,0.9958,0.9988
1.10,0.1222,0.9991,0.9985,0.0451,0.3015,0.9957,0.0087,0.9931
1.167,0.5899,0.0006,0.9998,0.0031,0.9965,0.0017,0.5689,0.9960
1.342,1.0000,0.5161,0.1785,0.9005,0.9690,0.4671,0.2573,0.4674
1.8,0.0581,0.6010,0.8799,0.0085,0.9986,0.0003,0.0014,0.9988
1.220,0.6912,0.9919,0.9962,0.0869,0.9986,0.3478,0.2642,0.9992
2.296,0.8140,0.9071,0.0089,0.1660,0.0026,0.7335,0.0006,0.9996
1.40,0.0193,0.9962,0.8092,0.0030,0.0112,0.0005,0.0408,0.9975
3.11,0.2751,0.9975,0.0008,0.9988,0.2733,0.0033,0.9915,0.0271
1.470,0.7888,0.0207,0.9958,0.0049,0.9989,0.0078,0.0058,0.9838
2.83,0.3188,0.9975,0.9974,0.0008,0.3924,0.0066,0.0180,0.9993
1.514,1.0000,0.4933,0.3038,0.2951,0.4017,0.0462,0.9378,0.0670
1.186,0.9985,0.5671,0.9063,0.3217,0.1474,0.1168,0.9983,0.8118
2.171,0.7409,0.2537,0.4905,0.2499,0.9911,0.0008,0.0132,0.9960
2.234,0.7502,0.0020,0.3968,0.0014,0.9988,0.0146,0.0093,0.9962
2.198,0.3370,0.9946,0.9974,0.7148,0.9997,0.9963,0.0352,0.9878
1.499,0.8000,0.9961,0.9836,0.0066,0.2493,0.9960,0.2906,0.9927
1.475,0.7502,0.9828,0.9998,0.0016,0.1885,0.4631,0.0096,0.9746
2.21,0.3364,0.8835,0.9987,0.0003,0.0281,0.9991,0.8408,0.9993
3.7,0.2517,0.9968,0.9930,0.2983,0.6573,0.9987,0.9938,0.9844
2.130,0.5145,0.5280,0.0003,0.0018,0.0026,0.9983,0.0001,0.9993
1.517,1.0000,0.5239,0.0961,0.1204,0.9502,0.8953,0.0012,0.7885
1.482,0.8001,0.9946,0.9895,0.0017,0.7686,0.0131,0.9982,0.5033
1.346,1.0000,0.6118,0.8580,0.9808,0.9776,0.8631,0.0643,0.8474
1.222,0.6138,0.4691,0.9937,0.1833,0.3397,0.1443,0.0470,0.9991
1.269,0.6680,0.9986,0.9993,0.0031,0.0166,0.0016,0.0022,0.9924
2.261,0.8347,0.8906,0.9993,0.0028,0.9999,0.9980,0.9943,0.9937
1.275,0.6668,0.9991,0.9913,0.0083,0.0083,0.0054,0.0017,0.9971
1.311,0.6742,0.9935,0.9920,0.7807,0.9955,0.7435,0.5910,0.9953
1.187,0.0107,0.6351,0.9866,0.0087,0.9879,0.3053,0.0002,0.9988
1.192,0.0045,0.9361,0.9988,0.0189,0.9951,0.9670,0.0380,0.8995
1.221,0.0317,0.2301,0.9991,0.0056,1.0000,0.0028,0.0173,0.9982
1.9,0.1410,0.5266,0.5483,0.0486,0.0017,0.0016,0.0046,0.9966
1.343,1.0000,0.1241,0.7842,0.9558,0.1294,0.8404,0.6405,0.7983
2.263,0.6000,0.4066,0.9994,0.0001,0.9969,0.5304,0.2740,0.9907
1.11,0.2477,0.3648,0.9998,0.0001,0.0024,0.0004,0.4864,0.9988
2.7,0.0367,0.6012,0.9939,0.0007,0.5703,0.9992,0.8092,0.9973
1.289,0.9999,0.6449,0.8653,0.0075,0.6731,0.1412,0.3169,0.9020
1.170,0.5399,0.5632,0.9979,0.0728,0.4027,0.4866,0.0053,0.9990
2.184,0.5008,0.9947,0.9976,0.0028,0.9857,0.0012,0.0010,0.9993
2.228,0.5165,0.9920,0.9980,0.0023,0.9976,0.4836,0.0109,0.9836
1.485,0.7501,0.9943,0.9918,0.1376,0.0638,0.0078,0.0025,0.9993
2.76,0.5009,0.9986,0.9842,0.0045,0.0078,0.0053,0.9859,0.8314
1.508,1.0000,0.8758,0.0777,0.7495,0.0554,0.0193,0.9522,0.1780
2.260,0.8455,0.6716,0.9979,0.0010,0.9979,0.3892,0.0030,0.0004
2.199,1.0000,0.8775,0.2362,0.7841,0.1530,0.2564,0.9828,0.4403
1.17,0.0080,0.9940,0.1975,0.0017,0.4974,0.0014,0.0098,0.9921
3.46,0.2645,0.9918,0.9923,0.0018,0.9980,0.8936,0.3857,0.9580
1.543,0.8000,0.9989,0.9524,0.0123,0.9916,0.6261,0.3408,0.7992
1.427,1.0000,0.7342,0.6516,0.4205,0.9758,0.2643,0.4372,0.8188
2.126,0.5828,0.9952,0.9900,0.1900,0.8477,0.9998,0.9958,0.4115
1.483,0.8020,0.6570,0.9958,0.0004,0.9932,0.0054,0.9976,0.9931
1.516,0.9997,0.4675,0.3982,0.0314,0.3392,0.2263,0.8767,0.6077
2.131,0.0621,0.9886,0.9916,0.2606,0.9937,0.0106,0.0059,0.9921
1.474,0.7403,0.3499,0.9955,0.0026,0.0148,0.0233,0.0041,0.9993
1.130,0.5004,0.9971,0.9944,0.9996,0.5516,0.0030,0.9950,0.9996
1.416,0.7502,0.9846,0.9934,0.0017,0.0010,0.9475,0.0010,0.9995
2.210,0.8000,0.9997,0.9983,0.9869,0.0004,0.5376,0.9969,0.9970
1.26,0.5205,0.9995,0.9993,0.0042,0.9988,0.6022,0.9827,0.9996
2.117,0.6445,0.9995,0.9807,0.0016,0.0055,0.9990,0.0031,0.9989
1.539,0.7500,0.9999,0.9980,0.0067,0.9851,0.3740,0.0035,0.9989
2.141,0.3711,0.3977,0.9925,0.0036,0.9405,0.0018,0.6488,0.9919
1.404,0.9998,0.3998,0.4783,0.3532,0.1612,0.1676,0.3470,0.9141
1.382,0.5070,0.4387,0.7604,0.0007,0.9987,0.0011,0.0073,0.9955
2.84,0.6283,0.9975,0.2672,0.5095,0.9975,0.4846,0.9872,0.9963
1.96,0.0694,0.6930,0.8179,0.0001,0.9999,0.0025,0.9765,0.9968
1.320,0.6701,0.6266,0.4840,0.0045,0.0030,0.0032,0.0006,0.9984
1.251,0.9999,0.0283,0.5225,0.2286,0.1949,0.1326,0.8258,0.9955
1.244,0.5000,0.9916,0.9937,0.0018,0.9984,0.0032,0.0069,0.9904
1.333,0.5004,0.9924,0.9980,0.0176,1.0000,0.2436,0.9878,0.9939
1.61,0.0333,0.6475,0.9977,0.0073,0.9874,0.0022,0.9987,0.9939
2.219,0.7500,0.9957,0.9859,0.4076,0.0001,0.9955,0.9383,0.9939
1.84,0.3190,0.6927,0.9979,0.0033,0.4446,0.0054,0.0193,0.9950
2.47,0.3342,0.9960,0.0041,0.0015,0.9973,0.5979,0.9969,0.9986
2.5,0.1765,0.9931,0.8782,0.3982,0.9998,0.9812,0.3751,0.9981
1.100,0.5343,0.9979,0.9946,0.0014,0.9977,0.9906,0.9994,0.9927
2.252,0.8333,0.0444,0.9954,0.0008,0.8809,0.9362,0.0013,0.9930
2.73,0.0012,0.9972,0.4132,0.0022,0.9962,0.0006,0.8935,0.9989
2.109,0.4571,0.9950,0.9959,0.2842,0.0031,0.9949,0.9985,0.9985
3.48,0.3147,0.7114,0.9994,0.0024,0.0059,0.9987,0.0017,0.9897
1.163,0.3164,0.3930,0.5218,0.0002,0.9952,0.0010,0.0007,0.9960
1.128,0.2614,0.4101,0.9973,0.0011,0.0019,0.0004,0.0120,0.9947
1.284,0.6667,0.9877,0.9937,0.0021,0.9999,0.0699,0.0019,0.9984
2.156,0.6602,0.9940,0.8494,0.0728,0.7458,0.2439,0.6169,0.9962
3.17,0.2614,0.9892,0.9970,0.2286,0.8953,0.9990,0.8329,0.9994
1.413,0.6757,0.4257,0.9962,0.0008,0.9997,0.5338,0.0052,0.9986
2.258,0.6034,0.9966,0.4901,0.2828,0.9463,0.5151,0.9983,0.9990
2.175,0.5230,0.9980,0.9920,0.0028,0.9952,0.7910,0.9954,0.9959
3.15,0.3125,0.7164,0.9987,0.1884,0.5133,0.9944,0.9992,0.9786
1.44,0.4764,0.9818,0.9930,0.0509,0.4214,0.0446,0.4675,0.9744
1.510,1.0000,0.9772,0.5779,0.5619,0.2590,0.1331,0.9634,0.4695
2.87,0.3336,0.6925,0.9928,0.0012,0.9760,0.0003,0.0030,0.9976
2.207,0.8081,0.6064,0.9998,0.2130,0.9965,0.0055,0.0105,0.0597
2.292,0.6361,0.2217,0.9899,0.0138,0.9965,0.0079,0.2705,0.9885
2.25,0.3413,0.9998,0.9954,0.2172,0.9906,0.9981,0.9919,0.9948
1.29,0.5005,0.9942,0.9945,0.9989,0.4571,0.8101,0.9562,0.9853
1.117,0.5535,0.9864,0.2428,0.9740,0.9974,0.0030,0.9963,0.9955
2.64,0.3367,0.5561,0.9990,0.0045,0.2536,0.9975,0.0028,0.9973
1.148,0.0077,0.9890,0.9986,0.2733,0.9972,0.0017,0.9993,0.9984
1.76,0.2100,0.3973,0.7257,0.0012,0.2263,0.0021,0.0005,0.9982
2.230,0.6670,0.3997,0.9945,0.0008,0.9988,0.0026,1.0000,0.0036
3.2,0.2515,0.9973,0.9979,0.5341,0.9993,0.0030,0.9962,0.8190
1.246,0.1881,0.9916,0.5900,0.0151,0.9879,0.0016,0.0033,0.9961
1.81,0.0244,0.9951,0.9777,0.2017,0.2583,0.0028,0.0767,0.9911
1.309,0.5000,0.4083,0.9998,0.0010,0.9855,0.0137,0.0101,0.9945
1.219,0.5000,0.8607,0.2215,0.0023,0.9972,0.2083,0.0041,0.9896
1.226,0.5691,0.9912,0.9770,0.1243,0.9978,0.6903,0.0001,0.9981
2.93,0.5537,0.3439,0.9982,0.2284,0.7908,0.9872,0.0004,0.9962
1.59,0.4510,0.4740,0.5751,0.0004,0.2711,0.6604,0.0062,0.9941
2.201,0.5624,0.9885,0.9982,0.5392,0.9986,0.9908,0.9902,0.9940
2.14,0.0576,0.9997,0.9955,0.2428,0.9832,0.2199,0.0028,0.9991
1.138,0.6667,0.9987,0.9983,0.9955,0.0076,0.9992,0.2959,0.0040
1.236,0.0272,0.9365,0.4956,0.0015,0.9987,0.3968,0.0009,0.9995
1.354,1.0000,0.7366,0.2358,0.5439,0.6952,0.2879,0.9118,0.6430
1.217,0.0232,0.5002,0.9950,0.0019,0.9968,0.0002,0.0090,0.9975
1.373,0.9999,0.0853,0.1999,0.5854,0.5500,0.0892,0.6555,0.3338
1.190,0.5062,0.3748,0.3843,0.0026,0.9992,0.0007,0.0015,0.9967
1.338,1.0000,0.7998,0.7548,0.0754,0.9951,0.3890,0.7993,0.4601
2.280,0.7500,0.9989,0.9966,0.0125,0.0019,0.9940,0.0847,0.9986
2.179,0.7500,0.9938,0.9822,0.0077,0.0977,0.4459,0.4919,0.9952
4.4,0.0798,0.7759,0.0163,0.0639,0.8782,0.9962,0.4161,0.8527
1.119,0.0094,0.7379,0.9962,0.0011,0.9876,0.0000,0.2186,0.9994
1.152,0.5045,0.9987,0.9940,0.0063,0.9978,0.0063,0.0047,0.9960
3.67,0.4000,0.8936,0.9967,0.0055,0.4861,0.9999,0.0036,0.9936
1.501,0.9437,0.0004,0.1865,0.1219,0.5723,0.0756,0.0076,0.9414
1.463,0.8221,0.0039,0.0022,0.0258,0.0032,0.9944,0.9973,0.1648
1.494,0.8000,0.9972,0.9946,0.0018,0.9905,0.9852,0.5537,0.9856
2.144,0.8002,0.9884,0.9989,0.0054,0.9999,0.0147,0.0032,0.0058
2.277,0.7017,0.9993,0.9963,0.2702,0.0046,0.0023,0.5872,0.6677
1.521,0.7635,0.9998,0.5134,0.0008,0.9986,0.0112,0.9944,0.9948
1.445,1.0000,0.6800,0.6983,0.0079,0.4748,0.5832,0.5931,0.5646
3.24,0.3042,0.6482,0.9925,0.0042,0.4158,0.2149,0.0069,0.9994
1.75,0.0108,0.9881,0.9969,0.8795,0.7340,0.0039,0.0972,0.9916
1.379,0.6668,0.9996,0.5581,0.0123,0.0108,0.2732,0.0064,0.9974
2.91,0.5809,0.9995,0.9899,0.0009,0.9845,0.8483,0.0087,0.9996
1.334,1.0000,0.1564,0.3363,0.9998,0.8984,0.3837,0.2745,0.8843
1.326,1.0000,0.8862,0.7200,0.0611,0.8355,0.5933,0.3510,0.5737
1.83,0.0857,0.9936,0.9936,0.0085,0.0089,0.0010,0.0839,0.9974
3.0,0.3938,0.6287,0.9986,0.2645,0.0002,0.9996,0.4509,0.9890
2.53,0.3386,0.9918,0.9905,0.0028,0.9907,0.0123,0.9722,0.9949
1.90,0.0252,0.8049,0.7854,0.0992,0.6262,0.1002,0.7434,0.9739
1.74,0.0767,0.9967,0.9953,0.0009,0.9999,0.6713,0.0293,0.9952
2.246,0.7999,0.9904,0.9917,0.0007,0.9977,0.9586,0.3971,0.9965
2.66,0.3402,0.9991,0.9989,0.6078,0.0405,0.8479,0.3826,0.9975
2.18,0.0944,0.9932,0.6845,0.0026,0.9983,0.4470,0.9988,0.9874
1.115,0.7300,0.9935,0.4075,0.0016,0.9987,0.0030,0.3880,0.0033
1.32,0.5458,0.9997,0.9985,0.8560,0.9986,0.0006,0.0015,0.9895
3.63,0.4513,0.0984,0.9151,0.0021,0.9995,0.9916,0.9973,0.9926
1.402,0.9976,0.8275,0.3709,0.2905,0.8122,0.3375,0.9696,0.2154
2.103,0.3403,0.9906,0.9857,0.0045,0.7273,0.0008,0.5828,0.9993
1.449,1.0000,0.0731,0.9068,0.5728,0.0186,0.0407,0.7889,0.5916
1.79,0.3396,0.9995,0.7559,0.0003,0.5227,0.0016,0.9487,0.9982
3.28,0.3426,0.9852,0.9938,0.0049,0.3709,0.8138,0.7329,0.9976
2.148,0.6976,0.5733,0.9480,0.1347,0.0072,0.0012,0.0107,0.9949
1.411,0.7500,0.1752,0.9999,0.0030,0.9988,0.9954,0.0090,0.9986
2.154,0.7697,0.9946,0.9986,0.0006,0.0020,0.9981,0.8140,1.0000
1.396,1.0000,0.2381,0.4984,0.6100,0.6844,0.2729,0.9560,0.4136
1.48,0.0142,0.9235,0.9963,0.0002,0.9899,0.0012,0.5088,0.9983
3.19,0.3135,0.9988,0.9923,0.0015,0.0156,0.0032,0.9938,0.9963
1.478,0.7497,0.9963,0.5485,0.0094,0.0043,0.9935,0.0071,0.9969
2.275,0.8001,0.9983,0.1466,0.0050,0.6697,0.9981,0.9948,0.9993
1.433,0.9996,0.3449,0.0679,0.1437,0.3192,0.9022,0.7119,0.5601
1.496,1.0000,0.7050,0.2915,0.4183,0.2063,0.0416,0.0388,0.4525
3.52,0.6000,0.0030,0.9961,0.0015,0.9985,0.9931,0.0040,0.9945
2.132,0.7500,0.9926,0.0007,0.7183,0.0123,0.9981,0.0004,0.9999
1.461,0.6005,0.9943,0.9981,0.1453,0.9977,0.9849,0.9966,0.0070
1.503,0.9991,0.0951,0.5845,0.0001,0.2304,0.2646,0.5365,0.3944
3.65,0.7997,0.9961,0.4636,0.0018,0.9925,0.7413,0.0031,0.9882
2.124,0.7842,0.3023,0.9995,0.0018,0.0027,0.0290,0.0741,0.9955
1.124,0.6290,0.7113,0.9916,0.0219,0.9940,0.9944,0.9975,0.9835
2.282,0.8361,0.7460,0.9935,0.0011,0.9955,0.6159,0.9969,0.0196
1.261,0.6667,0.9936,0.8004,0.0038,0.9943,0.0000,0.0044,0.9982
1.305,0.9999,0.4096,0.3143,0.0723,0.6400,0.2131,0.3946,0.4977
1.356,0.7501,0.9939,0.9943,0.0061,0.9975,0.9987,0.0036,0.9962
1.234,0.5131,0.9993,0.9975,0.0093,0.5701,0.0035,0.9910,0.9799
2.49,0.6667,0.2776,0.4108,0.0024,0.0181,0.9825,0.0025,0.9992
2.29,0.4449,0.9883,0.9997,0.0010,0.4306,0.7040,0.0007,0.9954
2.16,0.6614,0.0002,0.9851,0.0015,0.9966,0.5350,0.9978,0.9930
2.190,0.6672,0.4322,0.9958,0.0004,0.0019,0.2003,0.0095,0.9896
1.491,0.7503,0.3938,0.9998,0.0087,0.9984,0.0036,0.0030,0.9952
1.165,0.6688,0.3402,0.0092,0.1355,0.9868,0.9382,0.0003,0.9978
2.62,0.3335,0.9982,0.9919,0.0019,0.9937,0.9707,0.0021,0.9999
1.429,0.7500,0.9996,0.9770,0.0013,0.2909,0.9852,0.0088,0.9886
2.295,0.8000,0.9972,0.9940,0.0074,0.8720,0.9948,0.0005,0.9992
1.476,1.0000,0.9125,0.2129,0.7662,0.5524,0.2622,0.3444,0.2304
1.146,0.5346,0.9886,0.9992,0.0023,0.9940,0.6810,0.0026,0.9683
2.133,0.5012,0.4615,0.9998,0.0009,0.9895,0.9813,0.4314,0.9946
1.7,0.0021,0.9981,0.9947,0.9991,0.9967,0.0126,0.1114,0.9981
2.150,0.4176,0.9791,0.9970,0.1476,0.9741,0.9800,0.0082,0.9891
3.30,0.3886,0.9973,0.4917,0.0042,0.8485,0.1661,0.0084,0.9918
1.535,0.7525,0.6352,0.9972,0.0276,0.2629,0.0007,0.0046,1.0000
2.262,0.8004,0.9904,0.9978,0.0025,0.9977,0.9935,0.9977,0.9922
1.451,1.0000,0.7207,0.4880,0.7655,0.2041,0.6726,0.7915,0.3907
1.88,0.0121,0.9966,0.9953,0.0057,0.9994,0.0003,0.0033,0.9801
2.9,0.0570,0.9983,0.9998,0.0019,0.0008,0.0015,0.4486,0.9997
2.215,0.8369,0.9946,0.9976,0.0010,0.0092,0.5128,0.9937,0.9893
1.172,0.5134,0.5738,0.9870,0.1483,0.9908,0.0062,0.0155,0.9853
1.341,0.6656,0.0038,0.9976,0.0077,0.9988,0.9966,0.9988,0.9937
1.203,0.6669,0.9955,0.9978,0.2885,0.9984,0.9850,0.9950,0.9915
1.367,1.0000,0.6653,0.6038,0.6006,0.6222,0.3685,0.0504,0.7033
1.223,0.5008,0.4996,0.9890,0.0023,0.9979,0.0032,0.0020,0.9940
1.185,0.6154,0.9863,0.9987,0.5328,0.0098,0.0024,0.0089,0.9873
1.248,0.7944,0.9850,0.7731,0.0121,0.9945,0.0004,0.0052,0.9977
2.71,0.3374,0.9962,0.9987,0.0109,0.9948,0.0020,0.0019,0.9964
1.399,0.6675,0.6697,0.8439,0.0029,0.9913,0.9991,0.0001,0.9993
2.31,0.0253,0.9921,0.9955,0.0024,0.8882,0.0120,0.0828,0.9953
1.102,0.2632,0.9974,0.9977,0.0078,0.9937,0.0025,0.8650,0.9965
1.489,1.0000,0.2225,0.0238,0.0083,0.9109,0.5920,0.9624,0.9024
2.188,0.6667,0.9852,0.5482,0.0006,0.9928,0.0016,0.0020,0.9982
1.63,0.2462,0.9982,0.5942,0.0065,0.0261,0.0126,0.0442,0.9997
2.224,0.5161,0.9958,0.4325,0.4456,0.9966,0.9973,0.9919,0.9995
1.331,0.6667,0.9860,0.9956,0.0013,0.0079,0.0046,0.0006,0.9981
1.94,0.5051,0.6014,0.3437,0.0194,0.9888,0.0204,0.0090,0.9858
1.279,1.0000,0.6471,0.7458,0.7094,0.8325,0.7133,0.2333,0.7931
1.253,0.7501,0.9963,0.9850,0.0005,0.0019,0.2665,0.3253,0.9991
2.86,0.6668,0.9968,0.9931,0.0029,0.5956,0.0050,0.0024,0.9989
1.232,0.5044,0.9989,0.5200,0.0009,0.7069,0.0021,0.0001,0.9990
1.177,0.5106,0.4821,0.9824,0.0030,0.3699,0.0031,0.0034,0.9899
1.290,1.0000,0.8652,0.5301,0.4237,0.7388,0.0239,0.3681,0.1803
1.406,1.0000,0.1684,0.9293,0.5114,0.3203,0.3356,0.6768,0.8032
2.143,0.8000,0.9921,0.0003,0.0016,0.9999,0.9966,0.9989,0.6948
2.161,0.5025,0.8977,0.9983,0.0033,0.8086,0.0034,0.9899,0.9862
1.460,0.7648,0.9971,0.7765,0.0006,0.0029,0.9984,0.9999,0.9963
1.504,0.9950,0.1759,0.4574,0.6530,0.0687,0.1926,0.3607,0.6720
1.50,0.0423,0.6350,0.9981,0.2791,0.9958,0.0013,0.9815,0.9922
2.286,0.8025,0.9981,0.9959,0.0070,0.0005,0.9957,0.9943,0.9878
2.212,0.3869,0.5108,0.8860,0.0001,0.5634,0.0023,0.0147,0.9874
2.136,0.5084,0.9972,0.9969,0.3372,0.9882,0.9967,0.6944,0.9969
1.437,0.7596,0.4708,0.5030,0.1178,0.1433,0.0025,0.0050,0.9991
3.56,0.6125,0.7734,0.7121,0.1526,0.0033,0.9074,0.0014,0.9995
1.252,0.6730,0.9994,0.6534,0.9975,0.1557,0.4430,0.0059,0.9996
1.95,0.5807,0.8689,0.4604,0.0068,0.0430,0.0030,0.9915,0.9942
1.518,0.8385,0.6955,0.5055,0.0027,0.9969,0.9956,0.0045,0.0003
1.330,0.6679,0.0035,0.9971,0.1984,0.7188,0.0080,0.0003,0.9955
1.120,0.0533,0.9815,0.9990,0.4488,0.2140,0.5322,0.0071,0.6754
1.62,0.5029,0.9990,0.9966,0.3898,0.9985,0.9994,0.9995,0.9919
1.103,0.7374,0.9991,0.3113,0.3676,0.0008,0.0029,0.4204,1.0000
1.398,0.7683,0.9911,0.4887,0.2337,0.0049,0.0011,0.0008,0.9958
2.70,0.6602,0.4915,0.9890,0.0012,0.4283,0.9995,0.6375,0.9946
2.213,0.5637,0.9951,0.9990,0.0006,0.0002,0.0038,0.9972,0.9996
1.182,0.5027,0.9918,0.9980,0.0064,0.5322,0.0925,0.0109,0.9941
1.265,0.5078,0.6306,0.9863,0.0059,0.9996,0.0046,0.0043,0.9960
1.301,0.5156,0.6688,0.9940,0.2090,0.0012,0.0007,0.0010,0.9980
2.142,0.3342,0.9942,0.4212,0.0023,0.9903,0.9961,0.0030,0.9938
2.238,0.6001,0.9578,0.9951,0.0011,0.9962,0.9987,0.0008,0.9984
1.407,0.9999,0.1213,0.3162,0.0495,0.1955,0.9559,0.0054,0.1572
2.194,0.5003,0.3329,0.9980,0.0061,0.9993,0.2453,0.0006,0.9965
2.273,0.8001,0.0040,0.9994,0.0024,0.9997,0.9985,0.9990,0.9971
1.458,0.9994,0.7056,0.3543,0.0737,0.0606,0.0363,0.4695,0.4052
1.254,0.6540,0.4449,0.9984,0.0036,0.0382,0.3691,0.0018,0.9936
1.480,0.8004,0.9995,0.0049,0.6152,0.2613,0.9980,0.9900,0.9976
1.515,1.0000,0.3363,0.6097,0.1314,0.0606,0.1123,0.9671,0.6941
1.477,1.0000,0.4795,0.2726,0.1234,0.8609,0.3763,0.7286,0.8260
2.242,0.8000,0.9973,0.9901,0.0058,0.9996,0.0104,0.4826,0.9813
2.57,0.1978,0.5242,0.9970,0.0054,0.1056,0.0051,0.2262,0.9907
2.294,0.8571,0.9967,0.9959,0.0002,0.9987,0.0085,0.9989,0.0126
1.428,1.0000,0.4715,0.2351,0.9276,0.5588,0.9209,0.4568,0.5540
2.209,0.8001,0.5429,0.0137,0.9128,0.9974,0.9986,0.0112,0.9915
1.184,0.6903,0.1393,0.0010,0.0403,0.9973,0.2725,0.9985,0.9996
1.529,1.0000,0.6809,0.1139,0.6219,0.8779,0.9175,0.5065,0.3208
2.107,0.5000,0.9997,0.9971,0.0003,0.9985,0.9966,0.0007,0.9839
1.36,0.2185,0.9999,0.7250,0.0365,0.5290,0.0083,0.0088,0.9980
1.340,1.0000,0.0054,0.3610,0.0331,0.7846,0.7628,0.6137,0.6322
2.4,0.2366,0.7786,0.9991,0.0021,0.0033,0.0087,0.6240,0.9726
1.12,0.3438,0.2701,0.8933,0.0046,0.5797,0.8005,0.3623,0.9903
1.392,0.7502,0.9980,0.9951,0.0002,0.0031,0.8237,0.0039,0.7685
1.111,0.5132,0.9816,0.8319,0.0074,0.9978,0.9962,0.9823,0.9985
1.173,0.5405,0.9915,0.9986,0.0007,0.2487,0.4460,0.9866,0.9980
2.220,0.5044,0.9971,0.9980,0.0040,0.1631,0.0069,0.0205,0.9894
2.283,0.7500,0.9994,0.9963,0.0017,0.9962,0.9953,0.0031,0.9812
2.125,1.0000,0.7343,0.3546,0.7111,0.6941,0.2127,0.9457,0.1808
1.502,0.6667,0.9972,0.5291,0.0097,0.0106,0.9919,0.0070,0.9991
3.64,0.6031,0.9991,0.0004,0.6110,0.9966,0.0021,0.0032,0.9862
2.35,0.3817,1.0000,0.9993,0.4417,0.8872,0.9998,0.9984,0.9589
1.352,1.0000,0.5573,0.8329,0.7679,0.2536,0.2595,0.8108,0.4524
1.497,1.0000,0.8405,0.2497,0.1678,0.4153,0.6520,0.5279,0.2112
1.319,1.0000,0.1492,0.7281,0.0638,0.6388,0.2307,0.5401,0.1616
2.274,0.6000,0.9993,0.6750,0.0037,0.2729,0.7059,0.0014,0.9912
1.164,0.5825,0.5128,0.9934,0.0104,0.9954,0.0036,0.0055,0.9861
2.17,0.0446,0.9990,0.9897,0.0003,0.8002,0.0042,0.0028,0.9905
1.294,0.8095,0.0040,0.9983,0.0077,0.6415,0.6088,0.0101,0.9955
2.48,0.0821,0.9897,0.9951,0.0005,0.0255,0.0109,0.0139,0.9978
1.235,0.6200,0.9981,0.9931,0.3042,0.9992,0.0042,0.0021,0.9883
1.357,0.6668,0.6137,0.9978,0.0021,0.9973,0.0014,0.0071,0.9798
1.464,0.9973,0.2016,0.0813,0.0701,0.3423,0.0548,0.0064,0.8995
1.193,0.1119,0.2321,0.8310,0.0010,0.9953,0.0040,0.0050,0.9987
2.97,0.3413,0.9959,0.1512,0.0049,0.9727,0.9949,0.0005,0.9991
1.54,0.0072,0.9908,0.9992,0.6987,0.9912,0.0115,0.0172,0.9929
2.165,0.5010,0.5290,0.9971,0.0022,0.9991,0.0014,0.6040,0.9976
1.308,0.6667,0.9907,0.9999,0.0337,0.9976,0.9995,0.9853,0.9973
1.114,0.2041,0.9875,0.9956,0.0209,0.5402,0.0031,0.3613,0.9990
2.67,0.6690,0.5052,0.9870,0.0025,0.9973,0.7600,0.9951,0.9911
1.142,0.5016,0.3409,0.9979,0.0015,0.4701,0.0040,0.0105,0.9978
1.109,0.4960,0.2952,1.0000,0.0532,0.3206,0.4500,0.0733,0.9901
3.1,0.2005,0.9831,0.0078,0.3134,0.9402,0.9978,0.9955,0.9969
2.38,0.7506,0.9986,0.0016,0.3180,0.9984,0.9954,0.9977,0.9335
1.65,0.1104,0.9809,0.7786,0.0024,0.0012,0.0071,0.0365,0.9934
1.82,0.3094,0.2370,0.6716,0.0095,0.6826,0.0015,0.0000,0.9964
3.34,0.3968,0.9887,0.9988,0.0011,0.9949,0.9918,0.4438,0.9928
1.245,0.5032,0.9815,0.9923,0.0059,0.0009,0.0011,0.0037,0.9854
1.531,0.7400,0.9951,0.9939,0.0064,0.9838,0.0086,0.0077,0.9993
1.455,0.7500,0.9925,0.9973,0.0058,0.9908,0.0111,0.0042,1.0000
1.327,0.7501,0.9974,0.9999,0.3440,0.7451,0.0074,0.0119,0.9981
1.3,0.0009,0.9823,0.9843,0.1562,0.9962,0.0036,0.9996,0.9947
2.90,0.0556,0.9998,0.2015,0.0042,0.9857,0.0058,0.0002,0.9999
1.378,0.9967,0.8091,0.0010,0.1050,0.4799,0.8668,0.1870,0.6423
3.14,0.2730,0.9853,0.0058,0.5670,0.9194,0.9986,0.9904,0.9916
2.155,0.3496,0.4594,1.0000,0.0061,0.9927,0.0005,0.0016,0.9837
1.410,0.6854,0.9918,0.9959,0.7383,0.9983,0.0112,0.6814,0.9962
1.328,0.6674,0.9938,0.9968,0.0440,0.9975,0.7853,0.0002,0.9986
1.207,0.6668,0.9908,0.9957,0.0031,0.9982,0.0009,0.9894,0.9933
1.363,0.6672,0.9514,0.9965,0.0025,0.5466,0.0040,0.0024,0.9996
2.204,0.8735,0.4480,0.0239,0.2367,0.5796,0.7689,0.5494,0.7410
2.247,0.9976,0.2914,0.7462,0.1773,0.8657,0.2199,0.1237,0.3704
1.49,0.5006,0.9874,0.9998,0.9982,0.9994,0.9975,0.9987,0.9980
2.19,0.0753,0.6866,0.9944,0.0033,0.0038,0.0283,0.0030,0.9997
1.16,0.0023,0.9946,0.9915,0.0024,0.9914,0.0050,0.7397,0.9976
2.0,0.0812,0.9981,0.0103,0.9927,0.3612,0.9993,0.9985,0.9919
2.52,0.3405,0.9929,0.9958,0.1148,0.0280,0.0046,0.0039,0.9980
1.91,0.5046,0.9990,0.9756,0.0024,0.9999,0.9928,0.6902,0.9953
1.335,0.3847,0.9810,0.9923,0.0044,0.4357,0.9981,0.0720,0.0423
1.344,0.7502,0.9968,0.9981,0.8337,0.8614,0.9187,0.0025,0.9797
1.180,0.5054,0.9958,0.9925,0.0014,0.6568,0.0036,0.5519,0.9976
2.290,0.6846,0.6748,0.3841,0.1146,0.9988,0.3711,0.0074,0.0034
1.397,0.6668,0.9911,0.9942,0.2975,0.0059,0.0001,0.0816,0.9997
1.511,0.7497,0.9994,0.9949,0.0075,0.9957,0.0098,0.9972,0.9936
1.473,0.8050,0.0163,0.9705,0.0011,0.0116,0.9894,0.0109,0.9993
1.448,0.9998,0.1306,0.8776,0.1657,0.6978,0.7080,0.0517,0.8427
1.78,0.0024,0.9947,0.9894,0.0015,0.9991,0.0001,0.0066,0.9864
3.29,0.5000,0.4157,0.8828,0.0016,0.9915,0.9967,0.0160,0.9937
2.149,0.6737,0.9991,0.5245,0.0118,0.0083,0.0027,0.0010,0.9993
1.484,1.0000,0.3956,0.0770,0.2597,0.1927,0.5188,0.4267,0.2028
1.33,0.1700,0.6686,0.6419,0.0002,0.0005,0.0110,0.0057,0.9998
3.62,0.4001,0.9951,0.9982,0.0029,0.0003,0.3737,0.0180,0.9898
1.403,0.7920,0.9978,0.0019,0.1715,0.9979,0.5287,0.0010,0.9944
2.102,0.8003,0.9933,0.8245,0.0085,0.9997,0.0020,0.9955,0.0014
2.119,0.5051,0.9971,0.6764,0.0055,0.4200,0.9984,0.0030,0.9922
3.58,0.2510,0.9974,0.8109,0.0013,0.5830,0.0030,0.0047,0.9886
1.125,0.6965,0.9928,0.0094,0.3621,0.9987,0.1896,0.9947,0.9993
2.146,0.3415,0.9969,0.5349,0.0003,0.0157,0.0013,0.1700,0.9997
1.432,0.7510,0.9999,0.9994,0.0021,0.7068,0.8108,0.0123,0.9964
2.248,0.5000,1.0000,0.9915,0.0015,0.8402,0.0040,0.0012,0.9908
3.53,0.6827,0.0031,0.9990,0.0544,0.0675,0.0005,0.0034,0.9919
3.18,0.1401,0.9993,0.9981,0.0040,0.0005,0.2425,0.5052,0.9995
2.217,0.6000,0.9971,0.9939,0.0009,0.9943,0.0005,0.0003,0.9955
1.479,1.0000,0.9456,0.3747,0.0445,0.4038,0.4346,0.9806,0.5922
1.107,0.1025,0.0011,0.8609,0.0019,0.9940,0.0008,0.0076,0.9993
1.39,0.0100,0.9969,0.9963,0.0017,0.9935,0.0037,0.0024,0.9906
2.191,0.7500,0.0062,0.9960,0.9935,0.0006,0.9912,0.5238,0.9826
2.74,0.6677,0.8739,0.2145,0.0033,0.9946,0.9991,0.0103,0.9986
1.490,0.8308,0.0241,0.9366,0.0123,0.9844,0.4004,0.1998,0.3508
2.63,0.4676,0.9990,0.0005,0.0041,0.9922,0.9901,0.9008,0.9973
1.66,0.3106,0.9917,0.9420,0.3028,0.9993,0.0046,0.8646,0.9891
1.158,0.0204,0.9924,0.7014,0.0013,0.2931,0.0028,0.0024,0.9979
2.28,0.3361,0.9982,0.9177,0.0006,0.9997,0.0024,0.6773,0.9931
1.256,0.6735,0.9925,0.9959,0.0039,0.0021,0.9975,0.6464,0.9999
1.209,0.1033,0.9988,0.9963,0.0037,0.8660,0.0002,0.6485,0.9991
1.260,0.7023,0.9952,0.3813,0.2299,0.1230,0.0061,0.0010,0.9945
1.304,0.6200,0.3393,0.7056,0.0044,0.8397,0.0040,0.0016,0.9997
2.200,0.5957,0.6122,0.9956,0.7506,0.9997,0.0036,0.0219,0.7274
2.151,0.0169,0.9895,0.9977,0.3332,0.9991,0.0110,0.0039,0.9896
3.31,0.6002,0.9998,0.9996,0.0055,0.0003,0.9902,0.0515,0.9970
1.534,1.0000,0.8546,0.4164,0.3031,0.5399,0.6303,0.6976,0.7785
1.450,0.9995,0.0708,0.3849,0.6087,0.0620,0.2650,0.2521,0.0269
1.6,0.0245,0.2048,0.9977,0.0004,0.9937,0.0012,0.6474,0.9925
1.147,0.0207,0.9970,0.9944,0.0064,0.9991,0.0022,0.9781,1.0000
3.10,0.0781,0.9997,0.9976,0.0639,0.0088,0.9999,0.9985,0.9939
1.414,1.0000,0.5790,0.3246,0.2653,0.4377,0.9352,0.4380,0.6407
1.249,0.7095,0.7643,0.4782,0.1023,0.0035,0.0029,0.0064,0.9857
2.94,0.3344,0.9885,0.9999,0.1355,0.9989,0.9940,0.9939,0.9899
1.241,1.0000,0.0572,0.5534,0.0348,0.0322,0.0573,0.0301,0.5227
1.86,0.0350,0.9984,0.9924,0.0018,0.9980,0.0009,0.0821,0.9977
1.202,0.9984,0.8255,0.8657,0.1579,0.8370,0.7702,0.6808,0.9287
1.366,0.6748,0.5713,0.9864,0.0053,0.4574,0.1522,0.0003,0.9872
1.323,0.6679,0.9973,0.0020,0.0219,0.8607,0.3371,0.0060,0.9978
3.5,0.0947,0.9968,0.9989,0.0029,0.8304,0.9992,0.3523,0.9742
1.89,0.0080,0.9988,0.9995,0.0024,0.6946,0.0039,0.0012,0.9980
2.8,0.0434,0.9997,0.9885,0.0163,0.9993,0.0046,0.6736,0.9982
1.110,0.1577,0.9976,0.9917,0.0305,0.9991,0.0050,0.9943,0.9965
2.214,0.8000,0.9957,0.9984,0.0065,0.9990,0.9997,0.9970,0.9961
1.197,0.4933,0.4991,0.9889,0.0322,0.0894,0.0038,0.0012,0.9836
1.233,0.6694,0.0029,0.9941,0.2342,0.0060,0.9958,0.1938,0.9909
1.231,0.5144,0.9860,0.9956,0.0014,0.6914,0.2867,0.9992,0.9978
1.278,0.7694,0.8304,0.0097,0.0025,0.9986,0.9827,0.9952,0.0056
1.353,0.7598,0.9869,0.0013,0.2078,0.9381,0.0104,0.0021,0.9951
1.488,0.7999,0.9926,0.8128,0.0007,0.8691,0.9964,0.0002,0.9995
2.189,0.5073,0.9981,0.9978,0.0003,0.9960,0.0045,0.9997,0.9779
2.225,0.8000,0.9550,0.9928,0.0027,0.9278,0.9982,0.0097,0.9975
1.160,0.5320,0.9998,0.9983,0.0268,0.9939,0.9975,0.0217,0.9974
1.299,0.6771,0.3962,0.9963,0.0002,0.8231,0.0001,0.0015,0.9982
2.30,0.3592,0.8594,0.9932,0.0012,0.4364,0.1297,0.0239,0.9917
2.13,0.7032,0.9973,0.6417,0.0025,0.6023,1.0000,0.9992,0.9979
2.287,0.8333,0.9977,0.9883,0.0080,0.9927,0.5535,0.0047,0.6518
2.270,0.9953,0.0609,0.1036,0.0290,0.3502,0.0011,0.0012,0.9997
2.160,0.4462,0.3757,0.7638,0.0036,0.5275,0.9661,0.7425,0.9965
1.493,1.0000,0.3321,0.0930,0.2929,0.3078,0.3591,0.8467,0.5845
1.505,0.9998,0.9480,0.7731,0.5152,0.5897,0.5503,0.6152,0.9049
1.51,0.0283,0.5133,0.9979,0.0005,0.7683,0.7252,0.0011,0.9982
1.291,1.0000,0.1283,0.7112,0.5718,0.6273,0.4978,0.0548,0.0450
1.506,1.0000,0.5423,0.9812,0.4570,0.2260,0.3649,0.5940,0.5798
3.60,0.7497,0.9907,0.4384,0.0028,0.9961,0.8485,0.0014,0.9975
2.121,1.0000,0.9830,0.4145,0.3056,0.4629,0.9998,0.5035,0.0791
1.176,0.0630,0.9992,0.9966,0.0074,0.3233,0.3004,0.2882,0.9902
2.12,0.0348,0.9978,0.9988,0.3960,0.9991,0.0054,0.0143,0.9906
1.161,0.5277,0.9956,0.9911,0.0303,0.0007,0.9888,0.2968,0.9990
1.121,0.0723,0.9983,0.7138,0.0041,0.0431,0.0020,0.0032,0.9959
1.230,0.0127,0.9269,0.7742,0.0079,0.9978,0.0019,0.0018,0.9998
1.519,1.0000,0.2708,0.0969,0.3833,0.6077,0.9698,0.1435,0.4967
2.137,0.3372,0.9904,0.8198,0.0021,0.0102,0.0044,0.0005,0.9955
1.436,0.0651,0.9965,0.9991,0.2550,0.5546,0.0037,0.9990,0.9922
3.57,0.6015,0.9951,0.9959,0.0013,0.9989,0.9960,0.9964,0.9691
2.272,0.8369,0.9949,0.9999,0.0001,0.5877,0.0610,0.9994,0.1117
1.465,0.9903,0.5224,0.4423,0.3966,0.0387,0.8487,0.5844,0.4647
2.239,0.5000,0.9920,0.9840,0.0048,0.9954,0.0084,0.0084,0.9836
2.120,0.5138,0.4820,0.9988,0.0016,0.7324,0.9972,0.9840,0.9950
1.507,1.0000,0.5258,0.0037,0.5364,0.2276,0.4602,0.1145,0.4459
3.61,0.6049,0.9989,0.9948,0.3739,0.0005,0.4857,0.0161,0.9886
2.195,0.6516,0.9998,0.0001,0.0181,0.6600,0.3878,0.0003,0.9984
1.492,0.8000,0.9955,0.0047,0.0046,0.9907,0.2700,0.0040,0.9970
1.264,0.5013,0.7701,0.8008,0.0068,0.9998,0.0013,0.0009,0.9953
1.300,0.9999,0.7278,0.7826,0.0893,0.2759,0.1216,0.6877,0.2947
2.271,0.6318,0.6367,0.3665,0.0025,0.7349,0.0024,0.5982,0.9999
1.183,0.6458,0.3102,0.9879,0.1672,0.8664,0.0091,0.0018,0.9929
2.56,0.7501,0.6830,0.9962,0.0024,0.9977,0.5887,0.9979,0.0168
1.528,0.6698,0.9950,0.9984,0.0053,0.9992,0.0005,0.9998,0.9988
2.208,0.5082,0.0018,0.9971,0.0009,0.9938,0.4900,0.7722,0.9909
1.415,1.0000,0.0583,0.3428,0.4189,0.2898,0.9064,0.1763,0.8496
2.243,0.4865,0.9899,0.9985,0.0025,0.5922,0.9990,0.9115,0.9994
1.255,0.5342,0.8861,0.9606,0.3052,0.9989,0.9979,0.0054,0.9967
3.4,0.0582,0.9985,0.9945,0.0128,0.9452,0.3757,0.7152,0.9909
1.393,1.0000,0.2758,0.4595,0.4638,0.9903,0.4497,0.0093,0.7692
1.70,0.0101,0.9943,0.9960,0.0030,0.3009,0.0015,0.3957,0.9994
1.322,0.6716,0.9999,0.9976,0.0047,0.0043,0.0020,0.0030,0.9982
2.106,0.0638,0.9993,0.9985,0.0034,0.9968,0.0104,0.9963,0.9964
1.37,0.4084,0.6076,0.9934,0.0051,0.0023,0.0027,0.2737,0.9971
1.87,0.0023,0.9885,0.9974,0.0002,0.9908,0.0021,0.2154,0.9961
2.95,0.3350,0.9988,0.9960,0.0879,0.6692,0.9981,0.9906,0.9992
1.318,1.0000,0.5823,0.0386,0.4148,0.9428,0.8858,0.1953,0.6700
2.216,0.6147,0.9979,0.8618,0.0004,0.9931,0.1948,0.0079,0.9877
2.249,1.0000,0.1477,0.5360,0.3054,0.3241,0.4293,0.2531,0.1068
2.34,0.5073,0.9979,0.9964,0.4458,0.9931,0.9858,0.9966,0.9988
2.147,0.8003,0.9995,0.9966,0.0053,0.0047,0.0111,0.0090,0.9971
2.221,0.5004,0.9961,0.9953,0.0025,0.0007,0.9911,0.9967,0.9973
3.59,0.8122,0.2398,0.5636,0.1916,0.0024,0.9993,0.0053,0.9992
2.118,0.5320,0.9853,0.9996,0.0022,0.9984,0.0001,0.3942,0.9974
2.96,0.3620,0.4620,0.9995,0.0018,0.1796,0.9942,0.0213,0.9908
1.55,0.1202,0.9978,0.9979,0.8164,0.0001,0.0097,0.9993,0.9915
2.82,0.3354,0.9937,0.9919,0.0012,0.9985,0.0145,0.0048,0.9964
2.164,0.8000,0.7986,0.9992,0.0070,0.9833,0.1855,0.0013,0.0365
1.208,1.0000,0.1766,0.3960,0.0648,0.6381,0.9972,0.5869,0.0587
1.257,0.2085,0.4256,0.9961,0.2928,0.9945,0.0009,0.0001,0.9998
1.159,0.1200,0.9714,0.9976,0.0000,0.4548,0.0039,0.0970,0.9995
1.67,0.0222,0.9993,0.9970,0.0336,0.9982,0.1931,0.0323,0.9999
2.75,0.3347,0.8197,0.9904,0.0061,0.0031,0.9940,0.4056,0.9974
1.295,0.5110,0.0118,0.5181,0.0062,0.9998,0.0119,0.9731,0.9976
1.38,0.0590,0.9892,0.9947,0.0025,0.0008,0.0277,0.2724,0.9994
1.106,0.5280,0.9964,0.9866,0.0431,0.9955,0.9829,0.0032,0.9939
1.2,0.0002,0.9952,0.0176,0.0039,0.9997,0.0072,0.0729,0.9937
1.181,0.5055,0.9941,0.9883,0.0008,0.0037,0.0026,0.9826,0.9930
1.64,0.3754,0.6872,0.9828,0.0024,0.4468,0.3067,0.0042,0.9944
3.35,0.5112,0.2456,0.9970,0.0004,0.9462,0.1071,0.3386,0.5902
1.345,1.0000,0.7938,0.5937,0.0668,0.2383,0.0885,0.7580,0.2344
1.530,0.7500,0.8987,0.9995,0.0003,0.9920,0.6786,0.0034,0.9870
1.454,0.7504,0.9881,0.9844,0.0039,0.9928,0.9946,0.0084,0.9987
1.227,0.5009,0.9993,0.9970,0.0207,0.1095,0.0019,0.0047,0.9990
1.108,0.0144,0.5580,0.9838,0.0082,0.2427,0.0006,0.0002,0.9990
1.129,0.0261,0.9961,0.9558,0.0381,0.9994,0.3537,0.9919,0.9869
1.143,0.0195,0.9983,0.6935,0.0046,0.9987,0.0063,0.0021,0.9852
1.206,0.4157,0.6918,0.9911,0.0021,0.4617,0.0052,0.0013,0.9887
1.362,1.0000,0.0001,0.1965,0.4247,0.2284,0.0081,0.6958,0.9174
2.266,1.0000,0.5937,0.9760,0.4428,0.2590,0.4829,0.2393,0.9901
1.329,1.0000,0.6413,0.3461,0.6989,0.3059,0.4566,0.4962,0.9850
1.472,0.6807,0.3613,0.4705,0.0073,0.9961,0.0045,0.4195,0.9979
2.291,0.6000,0.1882,0.9993,0.0001,0.9986,0.0121,0.9943,0.9965
2.168,0.3460,0.9354,0.9960,0.1997,0.3951,0.9922,0.7497,0.9997
1.104,0.0264,0.9960,0.9027,0.0026,0.8973,0.0036,0.0039,0.9922
2.77,0.4818,0.1301,0.4212,0.0015,0.5376,0.0004,0.0112,0.9942
1.387,1.0000,0.4995,0.7375,0.0898,0.2910,0.7034,0.5513,0.8853
2.112,0.5002,0.4643,0.9997,0.0094,0.1734,0.9998,0.0023,0.9988
1.92,0.1384,0.9938,0.9925,0.0011,0.0539,0.0092,0.0001,0.9902
1.337,0.6668,0.9978,0.9960,0.0002,0.9209,0.0061,0.0003,0.9823
1.23,0.0006,0.9943,0.9951,0.0154,0.9947,0.9995,0.9999,0.9980
2.159,0.3344,0.9965,0.9982,0.2529,0.9983,0.9799,0.9887,0.9995
1.68,0.0129,0.9972,0.9933,0.0005,0.7740,0.9990,0.0005,0.9957
1.368,0.6687,0.9958,0.9978,0.5549,0.9928,0.0005,0.9977,0.9980
2.80,0.0755,0.9994,0.6283,0.0024,0.9971,0.0095,0.0049,0.9950
2.42,0.0437,0.9909,0.9357,0.0162,0.0193,0.0380,0.5484,0.9969
2.145,0.7581,0.2144,0.9873,0.0052,0.0288,0.0788,0.0121,0.9975
1.400,0.8000,0.2008,0.9961,0.0000,0.9962,0.9961,0.9953,0.1807
2.257,1.0000,0.5676,0.0498,0.7729,0.9695,0.2606,0.4743,0.7605
2.293,0.3515,0.9948,0.0148,0.3408,0.0034,0.0191,0.4201,0.9966
2.135,0.4977,0.6491,0.9969,0.0003,0.9559,0.4539,0.9982,0.9964
1.512,0.9634,0.0073,0.9923,0.0466,0.0697,0.0279,0.1190,0.7094
2.181,0.5000,0.9893,0.9971,0.0004,0.5812,0.0407,0.9974,0.5581
1.270,0.6700,0.9863,0.9938,0.0003,1.0000,0.0029,0.0019,0.9956
1.487,0.7530,0.9980,0.9921,0.0019,0.9971,0.0196,0.0021,0.9981
1.314,0.7507,0.9294,0.0102,0.3586,0.0095,0.9975,0.0043,0.9969
2.264,0.7994,0.9941,0.9961,0.4658,0.9982,0.5775,0.0006,0.9933
1.174,0.0781,0.9308,0.9903,0.0043,0.2550,0.0095,0.0053,0.9971
2.3,0.0130,0.9999,0.9996,0.0162,0.0038,0.5352,0.9973,0.9692
1.135,0.0190,0.9063,0.8065,0.0002,0.9992,0.0035,0.0027,0.9983
1.15,0.0031,0.9987,0.9979,0.6972,1.0000,0.2065,0.0182,0.9967
2.58,0.6667,0.9950,0.0108,0.0022,0.2014,0.0059,0.9947,0.9744
1.225,0.5510,0.3094,0.7184,0.0071,0.0045,0.0006,0.0071,0.9983
1.469,1.0000,0.7038,0.0735,0.9140,0.4013,0.7283,0.3398,0.8233
1.347,1.0000,0.5529,0.9233,0.1851,0.5318,0.7803,0.7324,0.5544
2.123,0.6000,0.9935,0.9996,0.0066,0.9942,0.0158,0.9998,0.7690
3.43,0.8000,0.9975,0.9964,0.0045,0.8814,0.0009,0.0040,0.9976
1.422,1.0000,0.9678,0.1314,0.0957,0.1391,0.2672,0.9451,0.0153
1.212,1.0000,0.4004,0.8554,0.2463,0.3989,0.1808,0.5564,0.8426
1.376,1.0000,0.9110,0.3861,0.0467,0.0084,0.3299,0.3775,0.8320
1.259,1.0000,0.7994,0.5711,0.6194,0.2883,0.3895,0.5509,0.7302
1.467,0.7508,0.3559,0.9908,0.0016,0.9953,0.9988,0.0147,0.9996
1.99,0.1294,0.9977,0.8356,0.0043,0.9969,0.0148,0.0603,0.9992
2.284,0.7990,0.9991,0.9837,0.0001,0.9941,0.9991,0.0104,0.9704
1.438,1.0000,0.2204,0.8030,0.1636,0.0558,0.1729,0.9981,0.3934
2.11,0.0850,0.9951,0.9347,0.0049,0.2585,0.0042,0.5204,0.9965
1.194,0.0080,0.9852,0.9989,0.2419,0.5036,0.0010,0.0096,0.9935
1.524,0.9975,0.6235,0.6194,0.2311,0.1141,0.2902,0.2356,0.2441
1.440,0.7801,0.9527,0.4379,0.1596,0.6117,0.0122,0.0020,0.9971
3.21,0.2758,0.9945,0.9993,0.4159,0.7373,0.0182,0.0014,0.9990
1.350,1.0000,0.7455,0.7662,0.2239,0.0613,0.6111,0.9868,0.7301
4.1,0.0640,0.9925,0.9977,0.3087,0.9934,0.7903,0.9933,0.9939
1.157,0.3732,0.5890,0.5410,0.0019,0.5041,0.0054,0.0031,0.9992
1.41,0.1394,0.4820,0.9999,0.0040,0.9952,0.0059,0.0041,0.9978
1.471,1.0000,0.6524,0.7803,0.9400,0.2274,0.1476,0.0551,0.0458
2.170,0.6821,0.9895,0.5460,0.0041,0.0110,0.9981,0.9944,0.9880
1.85,0.1905,0.5423,0.8960,0.0034,0.9990,0.0051,0.0034,0.9996
1.242,0.6684,0.9938,0.9997,0.1668,0.0065,0.0013,0.9965,0.9953
1.72,0.0993,0.9921,0.9956,0.0966,0.9977,0.0005,0.9984,0.9998
3.6,0.5028,0.9838,0.9993,0.9730,0.9973,0.9923,0.9907,0.0087
1.113,0.4112,0.9860,0.4759,0.0000,0.3240,0.0036,0.9919,0.9995
2.60,0.6521,0.8099,0.9965,0.2747,0.9836,0.7662,0.6564,0.9970
1.281,0.6670,0.7649,0.9951,0.0022,0.6015,0.9915,0.9949,0.9939
1.388,0.8003,0.5630,0.9999,0.9990,0.0010,0.8999,0.9764,0.9685
2.203,0.7228,0.3576,0.9992,0.0009,0.9944,0.3816,0.0045,0.0065
3.13,0.2522,0.9984,0.8780,0.2541,0.9993,0.9972,0.9969,0.4876
2.152,0.9897,0.5422,0.3985,0.1767,0.3758,0.9051,0.0651,0.7592
2.20,0.3931,0.5758,0.9984,0.1315,0.0093,0.3366,0.0009,1.0000
1.417,0.6667,0.9962,0.9969,0.0042,0.9977,0.0006,0.0050,0.9964
2.235,0.5052,0.8349,0.9983,0.3411,0.4982,0.0108,0.0022,0.9953
1.498,1.0000,0.2491,0.3135,0.2394,0.8861,0.5556,0.4074,0.9371
1.389,0.6758,0.9969,0.9873,0.1503,0.9980,0.8839,0.0002,0.9965
2.185,0.7728,0.5741,0.7048,0.0087,0.0034,0.6724,0.0093,0.9954
2.61,0.5119,0.9781,0.9974,0.1877,0.9983,0.4942,0.9979,0.0010
1.112,0.0227,0.9870,0.9926,0.0033,0.9929,0.0029,0.0769,0.9985
1.73,0.1340,0.9974,0.9963,0.0014,0.6634,0.6037,0.1370,0.9948
1.321,0.6668,0.6914,0.9890,0.0059,0.9956,0.5226,0.0040,0.9982
1.243,0.6623,0.9008,0.9807,0.0067,0.9933,0.9931,0.0060,0.9900
1.274,0.5222,0.0622,0.9989,0.0048,0.3916,0.0399,0.0008,0.9929
1.310,0.1208,0.9969,0.9938,0.6493,0.9956,0.0067,0.0050,0.9872
1.131,0.5029,0.9694,0.9932,0.5804,0.9905,0.9995,0.8795,0.9888
2.153,0.1149,0.9831,0.9935,0.0054,0.9990,0.0013,0.9927,0.9950
3.12,0.0254,0.9996,0.7173,0.0051,0.9842,0.0077,0.7559,0.9961
3.47,0.2503,0.9992,0.9897,0.0006,0.3610,0.0098,0.0038,0.9976
1.542,1.0000,0.2892,0.6668,0.0400,0.3475,0.6892,0.0907,0.6487
1.426,0.7500,0.9797,0.9948,0.0007,0.8086,0.9974,0.0029,0.9974
1.509,1.0000,0.9165,0.6949,0.1882,0.0512,0.3003,0.2930,0.0773
2.202,0.3529,0.4554,0.9942,0.0036,0.4540,0.0709,0.0906,0.9999
1.439,0.9989,0.4458,0.9299,0.1456,0.2577,0.1325,0.0544,0.2116
2.285,0.3328,0.9906,0.9997,0.0087,0.6582,0.0013,0.5170,0.9969
1.383,0.6667,0.9979,0.9952,0.0005,0.5481,0.0007,0.0033,0.9941
1.466,0.7505,0.9784,0.9999,0.0048,0.2384,0.9982,0.9934,0.9943
1.27,0.0063,0.9988,0.9972,0.0117,0.9969,0.9870,0.9889,0.9986
2.116,0.5000,0.9365,0.9982,0.3487,0.8650,0.9943,0.9980,0.9876
2.253,0.6012,0.9984,0.9997,0.2858,0.9888,0.9998,0.9920,0.9922
1.162,0.2617,0.7026,0.0716,0.0005,0.3702,0.0002,0.0109,0.9965
2.218,0.5976,0.9749,0.9768,0.1504,0.0180,0.9533,0.3201,0.9957
2.46,0.6645,0.9972,0.9994,0.0007,0.9977,0.9836,0.0002,0.9848
1.351,1.0000,0.6098,0.5733,0.1879,0.8009,0.6938,0.9635,0.4030
1.195,0.5269,0.9977,0.9306,0.0752,0.9993,0.9943,0.7390,0.9999
2.265,0.5095,0.9921,0.9939,0.0023,0.9969,0.0042,0.0004,0.9978
2.174,0.0225,0.9972,0.9140,0.0011,0.9939,0.2253,0.0082,0.9970
1.486,1.0000,0.3156,0.9099,0.4096,0.7150,0.4705,0.5759,0.9188
1.45,0.1771,0.9959,0.2290,0.0001,0.9943,0.2544,0.9949,0.9995
1.285,1.0000,0.3409,0.5875,0.1407,0.1781,0.7928,0.2630,0.7107
1.513,1.0000,0.5533,0.9848,0.0412,0.4280,0.1605,0.8405,0.2433
2.134,0.3404,0.3950,0.9933,0.0066,0.9942,0.2119,0.0026,0.9977
1.224,0.5519,0.3601,0.9942,0.0047,0.9990,0.3778,0.0005,0.9939
2.59,0.4131,0.3392,0.3576,0.0069,0.4281,0.3629,0.0004,0.9973
1.14,0.0156,0.9975,0.9902,0.0028,0.2854,0.0034,0.1270,0.9951
2.231,0.9622,0.9741,0.9931,0.1649,0.0052,0.0034,0.2828,0.0288
2.2,0.3333,0.7678,0.9936,0.9935,0.9969,0.9906,0.9982,0.9894
2.24,0.4424,0.3304,0.9980,0.2277,0.9974,0.9119,0.0034,0.9995
1.175,0.6985,0.9511,0.9993,0.3571,0.0069,0.9981,0.9990,0.0093
2.81,0.5183,0.9994,0.0132,0.3054,0.9990,0.9920,0.9937,0.9666
1.369,0.6774,0.3184,0.6250,0.0011,0.0003,0.0058,0.0063,0.9979
1.339,0.7000,0.7194,0.9997,0.0031,0.0034,0.5711,0.0029,0.9949
1.336,0.7501,0.9945,0.7680,0.0022,0.9946,0.0076,0.9695,0.9969
1.93,0.0960,0.9879,0.6981,0.0013,0.1732,0.0092,0.0024,0.9981
1.216,0.6995,0.4346,0.9878,0.0071,0.0023,0.9779,0.9990,0.9996
1.372,0.5002,0.1429,0.6141,0.0017,0.9993,0.4461,0.0068,0.9982
1.520,1.0000,0.6752,0.7398,0.6292,0.1270,0.6917,0.9993,0.3255
1.444,0.6668,0.9194,0.9996,0.0009,0.9963,0.0034,0.0009,0.9974
3.25,0.5998,0.9866,0.9958,0.0059,1.0000,0.5726,0.0343,0.9974
1.153,0.1331,0.3151,0.9979,0.0023,0.5445,0.0018,0.0007,0.9994
1.401,0.6703,0.6494,0.9992,0.0000,0.1465,0.9693,0.0048,0.9912
4.5,0.5001,0.9952,0.9966,0.0043,0.8806,0.7026,0.8910,0.9976
1.118,0.0409,0.9979,0.9448,0.0059,0.3578,0.0037,0.0078,0.9942
1.31,0.0039,0.9973,0.9930,0.0163,0.5813,0.9962,0.0012,0.9987
1.522,0.8168,0.9956,0.9965,0.0047,0.9973,0.0008,0.0053,0.9826
3.44,0.8002,0.9965,0.9991,0.0016,0.6879,0.2459,0.4338,0.9985
2.105,0.3681,0.9967,0.9774,0.1971,0.9221,0.8137,0.0437,0.9963
2.100,0.6775,0.9965,0.7648,0.0619,0.0018,0.0771,0.2202,0.9989
1.395,0.7500,0.9950,0.9881,0.0013,0.0006,0.9913,0.0102,0.9984
2.254,0.7597,0.3803,0.1152,0.0006,0.0022,0.1286,0.0050,0.9984
2.37,0.5862,0.4803,0.0092,0.1047,0.0003,0.9934,0.0008,0.9971
1.144,0.2854,0.4933,0.9985,0.0009,0.0690,0.0029,0.0009,0.9974
1.380,0.7503,0.6793,0.7797,0.0108,0.9961,0.9959,0.9897,0.9989
2.68,0.0789,1.0000,0.9972,0.0211,0.9949,0.0023,0.7797,0.9993
1.25,0.0564,0.9963,0.9983,0.5926,0.3777,0.0009,1.0000,0.9890
2.245,0.5006,0.8501,0.9934,0.0035,0.9976,0.9992,0.9989,0.9986
1.215,0.5191,0.9949,0.9999,0.3482,0.0265,0.9949,0.8133,0.9979
2.50,0.6255,0.3850,0.6330,0.0572,0.0051,0.0008,0.0059,0.9991
1.229,0.6711,0.9855,0.9967,0.0054,0.0129,0.0066,0.0016,0.9958
1.262,0.6679,1.0000,0.9912,0.5376,0.9991,0.5601,0.0014,0.9824
1.306,0.7500,0.9984,0.9942,0.0064,0.7888,0.7681,0.0103,0.9985
1.292,0.5001,0.9965,0.9983,0.0018,0.8507,0.0019,0.0008,0.9927
1.307,1.0000,0.3270,0.6684,0.5435,0.1589,0.2067,0.3800,0.6690
2.193,0.8000,0.9978,0.9976,0.4781,0.9973,0.0005,0.2509,0.9997
1.358,0.7500,0.9987,0.1115,0.0120,0.9955,0.0029,0.0022,0.9970
1.430,1.0000,0.3655,0.0095,0.1150,0.6516,0.2299,0.5670,0.9996
3.51,0.6259,0.0000,0.0002,0.0066,0.9972,0.4499,0.9999,0.9964
2.88,1.0000,0.9897,0.1457,0.0726,0.1212,0.6502,0.4086,0.8110
1.127,0.6341,0.9911,0.9962,0.0086,0.2093,0.0037,0.9994,0.9992
2.182,0.7511,0.9857,0.0106,0.7008,0.0051,0.0061,0.0126,0.9974
1.5,0.0000,0.9988,0.9985,0.9979,0.9985,0.0041,0.9959,0.9929
1.272,0.5115,0.5297,0.9154,0.0024,0.9993,0.7108,0.0013,0.9915
1.42,0.0301,0.7066,0.9959,0.0846,0.8715,0.0269,0.0391,0.9992
1.200,0.5004,0.9839,0.9994,0.2411,0.9978,0.5633,0.0021,0.9935
1.364,1.0000,0.7929,0.9314,0.3903,0.9633,0.5132,0.2957,0.1262
1.123,0.5030,0.7988,0.9852,0.9088,0.9930,0.9976,0.5914,0.9979
1.145,0.7081,0.9973,0.0260,0.3973,0.9987,0.9007,0.0011,0.9958
2.233,0.8027,0.0016,0.9944,0.0060,0.9918,0.3543,0.6270,0.9874
3.33,0.2782,0.9942,0.9996,0.0003,0.5843,0.9990,0.9921,0.9980
1.536,1.0000,0.2754,0.6796,0.0582,0.8161,0.6906,0.9361,0.3117
2.162,0.5051,0.9976,0.9932,0.0001,0.7914,0.0165,0.0001,0.9989
1.545,0.8000,0.9978,0.9589,0.0057,0.9995,0.9866,0.9900,0.1680
3.23,0.4115,0.8348,0.9878,0.0543,0.0030,0.9988,0.9973,0.9982
1.452,0.7997,0.9874,0.9985,0.0044,0.9769,0.0991,0.9906,0.9954
1.419,0.8059,0.9971,0.9987,0.1007,0.8786,0.1005,0.0029,0.9985
1.4,0.0025,0.9972,0.9995,0.3637,0.0023,0.0039,0.0069,0.9986
1.293,0.6692,0.9582,0.9966,0.0032,0.2205,0.9947,0.9955,0.9598
1.457,0.6667,0.9964,0.0034,0.0064,0.9998,0.9948,0.0019,0.9973
2.129,0.3832,0.9960,0.9925,0.2444,0.0208,0.0075,0.0030,0.9969
1.18,0.0064,0.9999,0.9937,0.0005,0.0028,0.5761,0.9978,0.9940
1.408,0.7500,0.9793,0.9991,0.0010,0.9977,0.0375,0.0005,0.9923
1.53,0.0990,0.9998,0.9991,0.0002,0.1527,0.0003,0.9825,0.9973
2.79,0.5148,0.4622,0.9997,0.0027,0.4670,0.3815,0.9963,0.9862
2.227,0.6506,0.1029,0.8413,0.0048,0.1400,0.0071,0.0083,0.9891
2.32,0.2373,0.9974,0.9880,0.0023,0.0000,0.2352,0.9933,0.9929
1.360,0.6679,0.9917,0.8941,0.0697,0.0026,0.0028,0.0033,0.9959
1.409,0.7500,0.2790,0.9901,0.0053,0.9966,0.9927,0.9986,0.1811
1.266,0.6683,0.9986,0.0024,0.0056,0.0014,0.9995,0.9978,0.9817
1.302,0.6913,0.9936,0.9995,0.1474,0.0036,0.3645,0.0027,0.8621
1.349,0.9542,0.9935,0.0024,0.0059,0.4188,0.8106,0.4330,0.0025
1.456,0.7501,0.9897,0.9893,0.0020,0.9962,0.9971,0.9993,0.9997
3.8,0.5193,0.9968,0.0132,0.0011,0.9960,0.9994,0.0059,0.9914
2.197,0.5000,0.9932,0.9889,0.0017,0.9986,0.9903,0.0188,1.0000
1.434,0.8000,0.9980,0.2998,0.0020,0.0074,0.0016,0.0057,0.9835
3.55,0.6002,0.2633,0.9897,0.0022,0.9994,0.8171,0.0036,0.9997
1.168,0.5107,0.9941,0.9980,0.0007,0.0069,0.9990,0.3836,0.9929
1.361,1.0000,0.6691,0.1142,0.1673,0.8766,0.2826,0.7322,0.3719
2.89,0.3388,0.7010,0.9952,0.0838,0.9976,0.0045,0.9984,0.9998
1.122,0.0378,0.9990,0.2216,0.0617,0.5794,0.0061,0.0021,0.9990
2.104,0.8000,0.9992,0.7659,0.9991,0.1110,0.9940,0.0033,0.9972
2.51,0.1671,0.9991,0.6208,0.0056,0.0010,0.0651,0.0097,0.9966
1.35,0.5000,0.9994,0.9733,0.9997,0.0016,0.0494,0.9995,0.9952
1.43,0.0294,0.9880,0.9973,0.0023,0.9964,0.0005,0.0017,0.9913
1.273,0.6667,0.5828,0.9955,0.0007,0.9993,0.8333,0.0069,0.9973
1.391,0.9989,0.1395,0.0883,0.3701,0.0512,0.0615,0.7167,0.1283
1.544,1.0000,0.1292,0.5581,0.2910,0.1875,0.4356,0.8775,0.0960
3.22,0.5334,0.9970,0.9933,0.7138,0.1111,0.9801,0.9902,0.9963
2.163,0.5024,0.9983,0.9857,0.0035,0.9975,0.0064,0.0024,0.9882
2.54,0.3404,0.9976,0.9941,0.0006,0.0013,0.0040,0.0270,0.9987
2.232,0.5009,0.5377,0.9980,0.0073,0.9957,0.0020,0.0057,0.9967
2.241,0.7993,0.9995,0.9932,0.0058,0.9969,0.9910,0.0020,0.9632
1.359,0.5235,0.3554,0.9995,0.0052,0.4784,0.7221,0.0092,1.0000
1.297,0.6677,0.9977,0.9566,0.0017,0.9982,0.4187,0.0017,0.9991
1.57,0.3835,0.1202,0.9969,0.0017,0.6585,0.0086,0.0113,0.9980
2.166,0.5042,0.9902,0.9996,0.0057,0.2628,0.9998,0.9998,0.9953
2.268,0.6335,0.3450,0.9956,0.0005,0.9958,0.5835,0.0120,0.9995
2.36,0.0490,0.9454,0.9990,0.0008,0.9874,0.0002,0.0046,0.9931
2.223,0.6001,0.9994,0.9976,0.0010,0.0111,0.0028,0.9953,0.9842
2.183,0.8723,0.4198,0.8577,0.3323,0.6325,0.3478,0.3324,0.3620
1.431,0.7094,0.6661,0.9642,0.1045,0.0672,0.3011,0.0006,0.9999
1.199,0.5072,0.9925,0.9970,0.0077,0.9938,0.0014,0.9861,0.9915
2.255,0.8004,0.9961,0.9966,0.0022,0.9974,0.9346,0.9992,0.9724
1.204,0.0087,0.9995,0.9765,0.0055,0.0091,0.0000,0.0024,0.9868
1.523,1.0000,0.8489,0.7360,0.8814,0.6074,0.8696,0.7785,0.3821
3.45,0.2758,0.9879,0.6012,0.0037,0.2397,0.9910,0.9886,0.9762
1.214,0.3570,0.6909,0.9984,0.0010,0.5602,0.5459,0.0019,0.9970
1.141,0.0003,0.9877,1.0000,0.0056,0.9902,0.0568,0.9956,0.9962
1.0,0.0030,0.9860,0.9736,0.0010,0.7111,0.9989,0.9002,0.9997
1.24,0.0236,0.9966,0.9993,0.0031,0.9999,0.3018,0.4848,0.9991
2.69,0.5643,0.9947,0.9898,0.0043,0.7272,0.9992,0.9997,0.0014
1.381,0.7998,0.9980,1.0000,0.9905,0.4200,0.9581,0.9995,0.0052
3.37,0.2720,0.9995,0.9978,0.3276,0.0053,0.9512,0.7457,0.9995
1.532,1.0000,0.9689,0.9101,0.7583,0.5025,0.9587,0.9758,0.0766
3.68,0.6017,0.9977,0.9988,0.0027,0.9993,0.6149,0.9868,0.9921
2.176,0.5000,0.9899,0.9998,0.0026,0.9998,0.2662,0.0042,0.9960
2.40,0.0593,0.4248,0.9989,0.0573,0.7851,0.0025,0.2822,0.9938
2.278,0.6815,0.9975,0.9975,0.2042,0.9994,0.7232,0.9998,0.9895
2.110,0.3333,0.9683,0.9996,0.0005,0.9968,0.9987,0.0133,0.9920
2.44,0.3574,0.9945,0.9966,0.0071,0.9951,0.0046,0.8561,0.9873
1.137,0.0037,0.9918,0.9948,0.0011,0.9979,0.0026,0.0094,0.9997
1.21,0.0554,0.9985,0.9950,0.0596,0.0093,0.9770,0.9979,0.9971
1.56,0.0026,0.9947,0.9999,0.0018,0.9985,0.0062,0.0123,0.9956
1.385,1.0000,0.3837,0.4523,0.1738,0.2409,0.2797,0.2851,0.0229
1.239,0.9553,0.3194,0.0072,0.4070,0.7323,0.5473,0.9102,0.9987
2.98,0.7621,0.4392,0.9965,0.0017,0.0047,0.0115,0.9911,0.9987
3.41,0.4071,0.9992,0.9965,0.3648,0.9984,0.9995,0.9995,0.9589
1.420,0.9998,0.8503,0.7888,0.1436,0.4095,0.1089,0.7060,0.2927
1.374,0.7554,0.0013,0.9931,0.0055,0.9934,0.3597,0.0036,0.9965
1.316,0.6742,0.4474,0.9563,0.0011,0.0041,0.0005,0.0019,0.9992
1.443,0.7482,0.0039,0.9892,0.1135,0.0079,0.9988,0.0003,0.9994
4.3,0.2075,0.3412,0.9983,0.0078,0.7702,0.0029,0.7027,0.9988
1.155,0.5802,0.9855,0.9961,0.1241,0.9947,0.0132,0.0034,0.9958
1.201,0.5329,0.5332,0.9981,0.1556,0.9985,0.2055,0.0014,0.9974
1.394,0.6687,0.4437,0.9971,0.0004,0.9974,0.5637,0.0101,0.9934
2.23,0.6676,0.9975,0.0039,0.0044,0.9984,0.9636,0.9979,0.9902
1.526,0.9999,0.2379,0.5397,0.0029,0.0417,0.0705,0.4172,0.0131
1.442,0.7512,0.9388,0.9985,0.0019,0.0006,0.0058,0.0048,0.9979
1.150,0.5075,0.9957,0.4280,0.0002,0.0013,0.0042,0.0023,0.9992
2.240,0.6004,0.9995,0.9967,0.9964,0.7691,0.9974,0.1959,0.9949
1.210,0.0663,0.2146,0.9981,0.0002,0.9860,0.0012,0.0033,0.9936
2.111,0.4996,0.2964,0.5917,0.0008,0.9931,0.9748,0.8873,0.9996
3.50,0.4060,0.1868,0.9973,0.0000,0.0047,0.9926,0.0016,0.9991
2.22,0.3375,0.7838,0.9913,0.0406,0.9835,0.9937,0.9985,0.9960
2.237,0.6047,0.9959,0.9969,0.0041,0.0549,0.0081,0.0062,0.9984
4.2,0.4141,0.9889,0.9998,0.5437,0.9993,0.6114,0.4764,0.9829
2.196,0.5001,0.4343,0.2474,0.0017,0.9787,0.9960,0.0017,0.9989
1.424,0.7500,0.9980,0.9936,0.0005,0.9982,0.9999,0.9897,0.9990
1.313,0.6671,0.0138,0.9967,0.0279,0.9957,0.9804,0.0039,0.9770
1.188,0.5116,0.9994,0.0001,0.0573,0.9961,0.9940,0.9807,0.9974
1.283,0.6670,0.6622,0.9914,0.0006,0.9989,0.0037,0.0626,0.9960
2.172,0.5769,0.9974,0.2910,0.0033,0.9963,0.4910,0.9856,0.9971
1.286,0.5036,0.1499,0.9999,0.0043,0.7188,0.0176,0.0046,0.9976
2.139,0.5654,0.9976,0.9980,0.0049,0.3716,0.9072,0.9973,0.2107
1.540,1.0000,0.7353,0.2391,0.6318,0.3396,0.5722,0.7427,0.2821
2.289,0.9998,0.1418,0.6311,0.3933,0.5041,0.2505,0.4190,0.7032
1.425,0.9984,0.2999,0.6559,0.0346,0.3394,0.1779,0.3957,0.5347
1.133,0.4544,0.9410,0.4219,0.0006,0.9953,0.0036,0.0073,0.9971
1.178,0.0619,0.9952,0.0731,0.0056,0.7755,0.0020,0.0016,0.9958
1.276,0.6673,0.9977,0.9974,0.0059,0.0003,0.9913,0.9960,0.9915
1.287,0.7161,0.9989,0.6305,0.9971,0.0019,0.9546,0.0027,0.9988
1.312,0.6667,0.9995,0.4292,0.0061,0.9984,0.0022,0.0006,0.9966
1.189,0.0124,0.9997,0.9784,0.0043,0.6934,0.9863,0.0019,0.9972
2.187,0.5000,0.9997,0.9769,0.0015,0.7336,0.1464,0.9881,0.9932
1.151,0.9968,0.9944,0.5515,0.1143,0.2648,0.5559,0.7386,0.6216
1.30,0.0810,0.9897,0.9993,0.0068,0.9991,0.0024,0.0004,0.9959
2.251,0.6667,0.9948,0.9764,0.0053,0.9915,0.0059,0.0031,0.0075
1.537,1.0000,0.5921,0.1909,0.6568,0.8901,0.1956,0.9282,0.4791
2.114,0.5003,0.9980,0.9975,0.0953,0.0084,0.9960,0.0251,1.0000
2.26,0.3442,0.6050,0.9891,0.0062,0.9991,0.8474,0.1929,0.3687
1.375,0.6668,0.2828,0.9917,0.0047,0.9981,0.0001,0.0159,0.9966
1.47,0.0142,0.9995,0.9938,0.0010,0.8118,0.9893,0.9968,0.9990
2.226,0.8000,0.9964,0.9984,0.0081,0.9940,0.4471,0.9783,0.9847
2.279,0.4859,0.7206,0.8600,0.0146,0.3648,0.8773,0.9712,0.3618
4.7,0.4048,0.9982,0.9951,0.1252,0.1042,0.0216,0.0001,0.9998
2.177,0.5021,0.4845,0.9965,0.0005,0.0118,0.9819,0.9984,0.5262
3.36,0.2529,0.9941,0.9906,0.0010,0.0113,0.9998,0.5721,0.9942
1.446,0.7500,0.9997,0.9989,0.0011,0.9872,0.0043,0.0802,0.9921
3.27,0.3487,0.9975,0.2194,0.0373,0.5365,0.9936,0.9963,0.9896
2.128,0.6667,0.9859,0.9999,0.0072,0.9991,0.0245,0.0036,0.9994
3.69,0.6667,0.9794,0.9915,0.0040,0.2941,0.9989,0.9867,0.9961
1.238,0.0301,0.6978,0.9937,0.0005,0.9978,0.0180,0.0038,0.9924
1.267,1.0000,0.1171,0.8811,0.5671,0.3403,0.6936,0.5313,0.9233
1.169,0.4294,0.2179,0.3642,0.1570,0.6534,0.0003,0.0047,0.9862
1.136,0.5988,0.9968,0.9997,0.0037,0.0044,0.6667,0.8437,0.9926
2.45,0.3500,0.9934,0.9998,0.0025,0.9995,0.9970,0.9989,0.9837
1.370,1.0000,0.9411,0.3987,0.5945,0.4011,0.8633,0.6085,0.1187
2.41,0.4822,0.9938,0.9988,0.2624,0.0793,0.5384,0.0014,0.9837
1.533,0.9999,0.3265,0.6359,0.5620,0.0376,0.6120,0.3289,0.7352
1.384,0.9960,0.2682,0.6187,0.4058,0.9704,0.1758,0.8312,0.8242
1.34,0.5190,0.9743,0.9996,0.5879,0.9985,0.9910,0.0129,0.9983
1.20,0.2333,0.4237,0.9943,0.0134,0.3186,0.0074,0.4633,0.9946
3.40,0.6248,0.5866,0.9995,0.0118,0.9649,0.9993,0.0273,0.9934
1.421,1.0000,0.5574,0.6183,0.3640,0.0211,0.4014,0.2399,0.5195
2.99,0.5079,0.7143,0.9967,0.0633,0.9971,0.0752,0.0167,0.8171
1.317,0.6696,0.9998,0.9958,0.0010,0.9987,0.0069,0.0066,0.9978
1.527,1.0000,0.4771,0.5449,0.4519,0.5213,0.5151,0.3017,0.6549
1.132,0.1462,0.9941,0.9986,0.0044,0.0139,0.0215,0.2710,0.9998
1.263,0.6000,0.2451,0.6374,0.0143,0.0030,0.0103,0.0102,0.9890
1.154,0.5009,0.9910,0.9951,0.0016,0.9947,0.5413,0.7971,0.9938
3.32,0.3283,0.7806,0.6652,0.2563,0.9968,0.0013,0.9928,0.9991
2.173,0.2506,0.7964,0.9994,0.0002,0.7781,0.0004,0.0005,0.9885
1.211,0.5096,0.9989,0.9994,0.0358,0.0004,0.3428,0.6550,0.9960
2.222,0.5019,0.1778,0.9978,0.0066,0.9980,0.4517,0.0054,0.9924
2.236,0.6419,0.4811,0.9944,0.0008,0.3444,0.9921,0.9987,0.9988
2.138,0.9994,0.4761,0.7283,0.1260,0.0599,0.0138,0.8991,0.0694
1.282,1.0000,0.7379,0.1148,0.9961,0.1195,0.3348,0.2253,0.1617
1.371,0.6657,0.9962,0.9950,0.0002,0.2844,0.0146,0.0005,0.9999
1.179,0.3980,0.5570,0.6815,0.0009,0.0168,0.5055,0.0026,0.9954
1.447,0.9999,0.3815,0.7188,0.2357,0.9110,0.7619,0.1081,0.8882
1.418,1.0000,0.9708,0.4722,0.6700,0.9146,0.7941,0.8946,0.1465
1.541,0.7505,0.9998,0.9994,0.5159,0.3071,0.0020,0.0031,0.9951
2.288,0.6000,0.9995,0.9876,0.0057,0.9997,0.9930,0.0287,0.9970
2.186,0.6234,0.9924,0.9989,0.0027,0.0067,0.0021,0.0054,0.5271
1.277,1.0000,0.8225,0.0216,0.2048,0.8075,0.1196,0.2629,0.3863
3.9,0.2910,0.8429,0.9901,0.0122,0.9985,0.0063,0.5104,0.9953
2.250,0.8048,0.2376,0.9963,0.0047,0.7064,0.9998,0.9984,0.5446
1.52,0.1277,0.9913,0.9984,0.0022,0.2628,0.9989,0.0201,0.9988
2.115,0.3405,0.3752,0.9986,0.0106,0.6205,0.0044,0.0053,0.9988
2.27,0.3438,0.6772,0.9987,0.0012,0.0043,0.9978,0.7959,0.9970
1.348,0.5996,0.1968,0.4346,0.0024,0.0234,0.0046,0.0035,0.9891
1.46,0.1208,0.7915,0.9045,0.0022,0.6939,0.0024,0.0237,0.9963
4.6,0.3340,0.8906,0.4294,0.4299,0.9950,0.0367,0.9939,0.9587
2.192,0.6036,0.9999,0.9880,0.3149,0.0005,0.9988,0.9960,0.9736
3.26,0.2687,0.8904,0.9964,0.2661,0.9940,0.9997,0.9887,0.9972
3.54,0.5000,0.9957,0.9997,0.0031,0.9958,0.0010,0.9942,0.9922
2.244,0.8334,0.9991,0.0010,0.1887,0.8344,0.0033,0.9962,0.9648
2.78,0.5000,0.4673,0.9989,0.0056,0.9983,0.4708,0.9967,0.7447
1.390,0.9998,0.2433,0.6511,0.1737,0.6776,0.7220,0.3886,0.0832
1.205,0.5739,0.9920,0.8248,0.0007,0.9964,0.2818,0.0106,0.9904
2.269,0.6036,0.0104,0.9964,0.0018,0.9987,0.6893,0.0034,0.9976
2.167,0.7500,0.9954,0.9977,0.0001,0.1960,0.2713,0.6160,0.9960
2.101,0.3380,0.9901,0.9966,0.3805,0.1137,0.9994,0.0053,0.9894
1.228,0.8253,0.9831,0.8795,0.0008,0.0011,0.9975,0.0012,0.9997
1.126,0.0886,0.9789,0.8269,0.0049,0.2838,0.0024,0.0062,0.9995
2.55,0.3402,0.5127,0.9977,0.0036,0.9957,0.6098,0.0041,0.9997
1.365,0.5001,0.9863,0.2888,0.0020,0.9941,0.0219,0.0012,0.9885
1.453,0.9998,0.5585,0.2083,0.1650,0.2520,0.2174,0.1645,0.9437
1.19,0.0010,0.9921,0.9968,0.0014,0.9587,0.9942,0.9968,0.9997
1.435,1.0000,0.1842,0.1804,0.6026,0.8429,0.0291,0.2206,0.5267
2.33,0.3430,0.9979,0.9896,0.5368,0.9983,0.3634,0.9836,0.9963
1.303,0.6671,0.9961,0.1244,0.0005,0.9894,0.0239,0.0000,0.9996
1.198,0.2219,0.9903,0.9974,0.0015,0.9785,0.0047,0.0083,0.9958
1.296,0.6674,0.9945,0.9972,0.0035,0.5033,0.0001,0.0090,0.9975
1.140,0.5084,0.8293,0.9997,0.0001,0.9999,0.0034,0.0002,0.9906
1.1,0.0016,0.9982,0.9916,0.0017,0.0131,0.9957,0.3428,0.9902
